wt_soft,wt_hard,wt_uni_soft,wt_uni_hard,wqn
0.047981102518905215,0.047384169683763445,0.2926369688824453,0.08967318880633603,0.13046081636898066
0.043500584181183584,0.04315160451271216,0.24585631587433346,0.07805290226859082,0.3274430431130399
0.02949126252015119,0.029877272966374404,0.20842445874237378,0.047068462636473914,0.5082356779976966
0.04794775693273684,0.04676454352268702,0.24988908352857142,0.07247660344753036,0.8849521000167764
0.07863284303343812,0.08132573869238265,0.5412922485524388,0.2571749189926164,0.1073435395018747
0.13501195348215148,0.13826853646652465,0.7662087781968159,0.4185983388196367,0.34345239542600203
0.044667700313610524,0.04307739315803649,0.23427858257703824,0.07704232739221197,0.1435789916363111
0.0714487512356869,0.07445561975122368,0.5283678021831836,0.19093639713489952,0.11682263634470087
0.08389154308965378,0.09609632701278935,0.5793401016716604,0.2525981323625364,0.10696053459828832
0.060662134789656354,0.05977217294559888,0.37322793798749526,0.13407760142245495,0.15034600606927329
0.14875146658874813,0.1521583133164341,0.824531761125608,0.5776447454794362,0.3999678656433518
0.019234976987696224,0.019276669046281444,0.08619441780928995,0.02679504132663743,0.3002780805510402
0.09730349313380882,0.10041374038259517,0.6265467313281814,0.25959316022101686,0.1397680747387539
0.07150741616773179,0.07267978319905426,0.6157779067129221,0.2048597462489056,0.11250653872135497
0.10062727497036997,0.09804169743322136,0.7357919680196692,0.34835810665402317,0.30565442281992866
0.04916869772192157,0.04954489164576479,0.4613725327009799,0.12518269786387462,0.23772949695041956
0.031165507747199773,0.031039690147369726,0.08797136965047656,0.036248762552404515,0.34458505709191956
0.03877921147042509,0.03997279843353422,0.22402326625233587,0.07875734845342469,0.5247689202496799
0.028880133258549823,0.029523448169214157,0.16728707393350892,0.05073868095694037,0.08497510452051604
0.17549450084605311,0.17299449783162543,0.9028652569515391,0.788426216236841,0.20689172754276902
0.09167966129411839,0.09158002891492656,0.7353816175328959,0.321830460110447,0.22144603849496042
0.06199759354875536,0.06598294197373583,0.49419234585835986,0.21141274070968893,0.08433789336694357
0.05913774562108735,0.06064599794940952,0.44604257896506017,0.13166923189080731,0.07701356059359525
0.03886978278466718,0.03995163568089252,0.20126472733763578,0.07793396896407749,0.04108923053528497
0.05852253855968342,0.06307010946889369,0.4525914538191627,0.1802898812698627,0.4599842009298858
0.11294080575989095,0.12166120237425225,0.6968032132299231,0.4477896083838822,0.21187364536162331
0.021261750337432123,0.021312724452377522,0.1062879778749712,0.02485676055494285,0.3186359843111657
0.07207965193061121,0.07335624735444136,0.5374073772798725,0.24403712027660446,0.1096518647051711
0.10642165826561531,0.12291881067290893,0.8476118203485518,0.4897535683176684,0.22480980688453484
0.056140745223775934,0.05563538360535068,0.3554678946837204,0.09778756178125252,0.28012240711217007
0.032103029852693976,0.03266820692905671,0.18132340816117118,0.05644975704844279,0.15682185800769655
0.039573949061107394,0.04026170592308906,0.19551508708283727,0.07357516848902128,0.06839414210274024
0.0614187393544354,0.06180562098557036,0.3351860419874761,0.0959395671194896,0.07119279923671466
0.04300775207875057,0.04291164734636155,0.17224590086625918,0.05810537970400943,0.06986252933978362
0.03289304808622169,0.03353371091887291,0.21147985813859776,0.05610288218743898,0.29731415726259547
0.05107925553573182,0.05852150089739999,0.4010089799605246,0.15605049917099825,0.06515749934137369
0.07917522641726166,0.076266799937417,0.6106804365651597,0.15081022819259268,0.1238533891241322
0.13758175545887763,0.14200008009451948,0.7746361729620217,0.4858292272286961,0.20421249348530407
0.06017288701041931,0.06131811165854464,0.41031463908880594,0.12389602648212376,0.11645969001923136
0.10869118705037195,0.10851784429429888,0.7886306264552316,0.39645660494081314,0.19503945541804046
0.02976438420355654,0.031149351704825096,0.20255766174374482,0.05394283880261396,0.5481322487261515
0.05849928684920777,0.061013985683412715,0.4720594713071938,0.14178029036300704,0.4387326687486336
0.09346196570697439,0.09633101269947901,0.6382111575609964,0.21806149339113767,0.12114231602419638
0.06097117245931827,0.06242347610464253,0.5148532932348575,0.1744504466692584,0.09821437929585465
0.049207900418546585,0.047782125601745225,0.3563912566609474,0.13105339060109153,0.07768911824100641
0.055278897309545334,0.062373584177027076,0.5140671459990919,0.15504565801268463,0.20344730413000597
0.07371973471690886,0.07429655770540343,0.46250763236576603,0.20022105617426336,0.4832811403125609
0.05086249209680499,0.05670006482583904,0.3449707982227788,0.13261042296558043,0.3413206555798067
0.07705914492598885,0.07669229783123312,0.5554051662868872,0.21501955275044238,0.14766300240773828
0.04190011969572134,0.0416575357436639,0.34066861483260236,0.10876353975622144,0.11659651497454174
0.047825262502988054,0.04802426614499219,0.26706572776717974,0.09091385290586106,0.05493510250566702
0.04868131914794697,0.048436724674949166,0.28531279178428803,0.09060800948329473,0.15564049782396677
0.06437520524631056,0.06274416163645537,0.4431070284807258,0.1557247114373863,0.11252941602400586
0.15851405841110947,0.16226839205215987,0.9894556042219635,0.8943409428601597,0.23585786053431057
0.05306360779464,0.054473838746580315,0.3458495229205705,0.10440432112431593,0.6735510836564145
0.059060079392811896,0.0593410778503905,0.39711360072493246,0.14697062860042204,0.12135090482117016
0.06992137413628814,0.07244910964399914,0.4812059993260921,0.15184764264598635,0.6244398118438849
0.031378835578121884,0.03156167002124009,0.1938978168302175,0.05369951652793011,0.038989100722974866
0.07703037909920203,0.07834319292544242,0.47091243737617716,0.15556468785137326,0.10572711466780921
0.06673983638817779,0.07953984768718358,0.6088970140687591,0.22959057392645368,0.07145621669321497
0.07253675383699423,0.07383211879085211,0.4579486781985178,0.18748031188496617,0.08844834266426263
0.031796931470905176,0.03187894103391712,0.16490706494781315,0.052450565178974236,0.23311490717151956
0.08870182890752262,0.09457590686649021,0.5779286420668259,0.2440028850895221,0.11011701627806905
0.056897081426500073,0.058703771005849635,0.28330386737149427,0.10762331636127814,0.33969808399618956
0.06453451619617036,0.06318287862357232,0.6103078929463314,0.2154716928136456,0.07729018437602295
0.07762166206032259,0.08108758040563432,0.5034318280914593,0.21849297515100524,0.2447697862440003
0.04607197339772235,0.04737118149314191,0.26691534823133667,0.09386140713421978,0.2560132760480083
0.0730070620198363,0.07458888552700949,0.54913147587418,0.2193145085990629,0.29548834952501213
0.10672530169447625,0.11116668695478048,0.597824060299905,0.35170005585802316,0.11362537263467413
0.042398715692690776,0.04240777333012141,0.3160241350083513,0.08097018273573947,0.056952346290699486
0.1065762671897944,0.10715627779153623,0.6346432233480491,0.3454776407531106,0.2382464006265449
0.043250188097851035,0.043393400948609745,0.20402727548021407,0.06798168093638633,0.055099335420988806
0.11477484082609352,0.11646064474021364,0.7883247779010524,0.5876426125769569,0.1605296402452599
0.0937897278179895,0.0979993087058986,0.7220868067652535,0.30171396671991024,0.12996264273045627
0.04347181395105489,0.04330442477103058,0.22042621483639033,0.0685723790866831,0.05429685580412812
0.05599767965369281,0.05785439164800479,0.417376478842096,0.14800125922722004,0.1683403511311713
0.10118096910843158,0.11081771133421407,0.6197043376929393,0.30973030660340856,0.11179522462359666
0.055909432847920354,0.05690042352298046,0.32867439416760086,0.12309980019020052,0.6656115361409743
0.09161088210364947,0.09889076821628454,0.6194175372066917,0.2554196308738328,0.10895044398797986
0.09577057842984227,0.09826505546209169,0.865930468125355,0.5357813180597832,0.19319573211254232
0.10187218967623798,0.10631676658251876,0.6416043663018428,0.31053718901349964,0.13639267845318614
0.1291132712594982,0.13091654791866708,0.7410164339901719,0.5330364916333016,0.12757480754070627
0.043999676075364196,0.04430750992005511,0.36475083156325167,0.1300513204184399,0.29027356843791385
0.04180965375128214,0.04296144496485811,0.28608893310299854,0.09633901028398732,0.09955539857105526
0.04563716801378238,0.053731716276728105,0.2807202653878907,0.1026157709147054,0.324139335390341
0.04064124483646977,0.04194488568107634,0.3033250892272571,0.09247670507613737,0.23347598350718235
0.16028501796461178,0.16908667302414887,0.8358682104461641,0.5500416925533607,0.15327632672909414
0.04189226527719565,0.041450279643432314,0.15629229590408217,0.06448075834304202,0.36308444101420034
0.07448751916109464,0.07413348699554406,0.5615310126101338,0.22244477293783538,0.13190668992587842
0.03779117898627445,0.03818939800344584,0.21336258708311476,0.06545231958351892,0.30480594975393493
0.08305718994873709,0.08991740162521579,0.49503265178648137,0.2668008432611964,0.11074640402727887
0.02271705573742858,0.021976946960727863,0.11978291061597975,0.03167311147671247,0.17824477581746523
0.06203684777445482,0.0665737314486697,0.5005213089074051,0.17123199730442315,0.7085652241606613
0.07624815818589753,0.07742669040176074,0.5963323525780284,0.26760049815021264,0.1312919190304428
0.0441888964841035,0.04563335735291954,0.29314866025220393,0.09000467504146487,0.48463400958739855
0.06846756836242018,0.06920432896149742,0.362420262505233,0.13760806531455827,0.12198444296025453
0.04432639349977568,0.04427120507422766,0.24778705430488293,0.07513348226678815,0.05420028035262942
0.059063706346878735,0.060438545698104584,0.4339353586540925,0.14203518160829204,0.7272247677784267
0.10221011482752503,0.10530997013980843,0.7070339675586982,0.3485928107828977,0.1452696730652905
0.0871664207244246,0.08442434581827267,0.6205968805160622,0.2812054301594755,0.16230958712585733
0.03706635979520088,0.03707361168690466,0.13751027847014557,0.04709898320933081,0.09445798136791346
0.04733783770335494,0.047795746864486725,0.39524342682493746,0.1330511396186832,0.09623776654491913
0.33989859644562787,0.3460357262127219,1.0003125461897435,1.0003125461897435,0.4609915839599198
0.028152900802257665,0.028627603511505145,0.17235658787423377,0.055310675236886084,0.29452235527107795
0.1201028719496785,0.12843974504947295,0.7113673397959676,0.3980754482675489,0.17071280328225852
0.06240924452853983,0.06364673959626922,0.432468084488569,0.13665686987276526,0.09833881370405166
0.039627479343118756,0.039787457523756765,0.18797625641409546,0.06964488125491673,0.24875291646263895
0.11676137977484677,0.12237783843814064,0.8661203029611579,0.5413541487277734,0.16915979111251087
0.059047763730859015,0.059323181187902925,0.36051015806054554,0.12577731640024536,0.07427401697523844
0.03582979613935828,0.040477951216210534,0.24340607497499128,0.07867642337774915,0.047839478805992354
0.03824199305059896,0.038230390166956764,0.12295064207278819,0.04568699955617912,0.11128866305741666
0.02548888274283344,0.025497451500891284,0.14866832741244157,0.03911600622251283,0.0825873297216449
0.04407403845924963,0.04619158403316194,0.29822422974775864,0.08326601526429322,0.06825700146149968
0.03128831376231092,0.03213791283694096,0.2641545394526231,0.075101837802222,0.5432743247476047
0.07525314315910815,0.07637113471743914,0.48794384215729353,0.259761184891041,0.08832785277429461
0.047399953566216166,0.04835360254578195,0.3701938746886737,0.10771302397087679,0.1196884788997972
0.17549254174393858,0.1791105096996378,0.8701597667169754,0.7606403739013193,0.26232337500545316
0.06074145824065569,0.0643862091060501,0.3593207830465773,0.12051442568482187,0.17277686260205796
0.061499389376601946,0.06306297635164111,0.42903913754192025,0.13791286199141245,0.09172971958099463
0.1347121536899019,0.14131713134115506,0.7493762826999826,0.46507291346903323,0.14349438760499345
0.11598472174647811,0.1260335392907612,0.7278779760764148,0.48313789144135444,0.1868198624504051
0.07060839440001478,0.08324943945545436,0.6424710219460125,0.3072827736335352,0.08272199650811193
0.0360493369010325,0.03674110765098112,0.25854077037517703,0.06178448333412334,0.10415416975739757
0.053627125323977065,0.053985983633898595,0.37426684080501244,0.11424701366089714,0.2927848992355739
0.04052769946579081,0.04055527604517448,0.22020103879176373,0.06722705975163781,0.29886051668372277
0.2401465190139123,0.25772674189911454,0.9868516604344213,0.9351428703743866,0.34576196558412803
0.04918078923912853,0.04936314019976332,0.2504741629785054,0.08041490015620079,0.09778647299787974
0.06500990701809575,0.06487179806517569,0.3237283098649532,0.11796447011599985,0.19638947913004032
0.02776292491756259,0.027731539857067236,0.1168627281041186,0.03682603546117122,0.40026336665393436
0.03334370051653802,0.033332134581554936,0.16683708919233378,0.06029037770415542,0.3280770511376293
0.07053293998593688,0.07035586266571914,0.5122748565209255,0.25078380638442105,0.2916599832531379
0.06866109063090083,0.07636320853800287,0.439855051637219,0.20564310027280308,0.0812234152953677
0.032340558028437855,0.0327128994294683,0.2510537444103756,0.07770327755825267,0.13523787939652565
0.0693321909935357,0.070800811286267,0.5052273537546814,0.19023605338909655,0.3699043438566898
0.05209194290427389,0.05185647619290252,0.33133134330661324,0.09000921572168305,0.5855801016637615
0.09415629774906252,0.09622552258820713,0.6684333289335925,0.3732700931331527,0.12749336716700935
0.20374162173279511,0.20912893307499872,0.9393531895312033,0.9306692538364381,0.2513713570609949
0.14926861946147196,0.16011747755931927,0.8055830825352613,0.5279297081551853,0.17438232819072527
0.04368288504094769,0.04413626136562785,0.2928636830731176,0.09451796158127664,0.09535389368043636
0.07310831664676064,0.07534787955077585,0.5958264509373518,0.27057936344097183,0.10924301551124335
0.08964379015141906,0.09474555440747058,0.5846131998445878,0.2676427780702241,0.12378790691090234
0.071296615335265,0.07653815678786102,0.5045893990049404,0.15589699123749864,0.08438158541589001
0.09598842881419702,0.10130732651086785,0.6550896812285396,0.2691041202587001,0.11968107606265749
0.09853030135646136,0.1043545815582393,0.6364913460871352,0.34358733929954494,0.29907403912890773
0.05644515132157953,0.056341222875379966,0.4039837120296625,0.13729123025147036,0.1773413365803317
0.0602942304093006,0.06154769672442169,0.3365042150126555,0.12019368555039568,0.08796276778890506
0.10650158999495113,0.10661088209084335,0.6120640417797746,0.41684431473996575,0.18717697782303416
0.08983829804671603,0.09414950520613051,0.6881749337454779,0.3709896951708413,0.2571017957520294
0.06703883102982357,0.07159156400684642,0.43953490481638147,0.18934053626415948,0.3505708737596294
0.11373752798688554,0.11798781659342783,0.7506629013796593,0.5172059299238264,0.5196858711228066
0.0672671614638274,0.06786824571505273,0.37350918776268677,0.15025375445092506,0.17923941671882135
0.09974860792869142,0.10138566121379002,0.6413309604590482,0.32887759317176446,0.17200581883662466
0.04781343657878755,0.04869461981037935,0.231707718067208,0.07671896865395245,0.2520104572015789
0.1496789597453263,0.15175648342099057,0.9331752411660982,0.8369197696669156,0.23481027652822786
0.07384442273438971,0.07454110616893657,0.5602506935561778,0.20755189116761094,0.089152551615986
0.058245476991534643,0.05866093904077168,0.32073253984918687,0.10109703420062759,0.11613647391068341
0.059055456493730785,0.06044893182492083,0.3961552513606604,0.1437614058535287,0.5033993555409859
0.08836882085074133,0.08640185930434968,0.7565560624636257,0.31317481681830234,0.18498705660564818
0.05598272319250946,0.05538606870085214,0.5415965466845355,0.15494273919882876,0.11010214859244498
0.021267227805278746,0.02127364565143356,0.10785813466682903,0.026181294907714387,0.4331888301681821
0.056914571473716855,0.05754903579089711,0.4861576315122631,0.1718086289836028,0.4153012080331135
0.03478857418853572,0.035977600787446246,0.22588358670300432,0.06875463105468775,0.38526985466394514
0.036813510678456285,0.03689798948953165,0.18505825101551965,0.062479961291669585,0.4094202672722898
0.028306514912490633,0.029061641236064577,0.1821880706070853,0.04858312743536746,0.0740477829971898
0.06040081359077758,0.06057404311660775,0.42614035885500545,0.17238606928046157,0.7854451582791202
0.10545306785173934,0.10248482561579637,0.8211483925329388,0.4553034973687828,0.29082967975080926
0.050112986867103,0.05061411468490713,0.33246894800280413,0.1122402978178651,0.06630132891620164
0.05221028049719355,0.051067881518567705,0.3196543231542709,0.11993298709862074,0.38932045379978036
0.10417406129205609,0.10292672479087489,0.7224741523544631,0.42429303863080714,0.2965501664194626
0.10917364312746376,0.12268914009364616,0.8044238624461636,0.5308413126492284,0.23386145824554605
0.08455893850690739,0.08228365273380982,0.7707662913497452,0.36967960173310704,0.1642276196909104
0.06422724814438664,0.0650899395033642,0.5503791227734323,0.1261045158304507,0.11305940353822523
0.045352270949441074,0.04364813735962133,0.26217280598173665,0.08088497136546573,0.2366999256536911
0.04596917922419768,0.045178057860440164,0.28193526273954556,0.0688361422625871,0.31418883141935683
0.05191893359441613,0.0516257758120189,0.26862495192407243,0.10104263989388074,0.19023969291088932
0.07691021071343061,0.08056164656702657,0.5696193691077694,0.19885299057182487,0.331860237536134
0.1641276795569215,0.16629477503936518,0.8199539954066634,0.5640479431436056,0.28154685965202897
0.052869284124266926,0.05116539493373898,0.31841886019059523,0.09932554793065149,0.23483172050348436
0.04853837421213942,0.04864523703696593,0.2713973578240928,0.09621308225455762,0.2901513546328924
0.0819335321910196,0.08425199298042753,0.5956762237340584,0.2437718870120408,0.15144496894497092
0.048753222294214915,0.04960657624879913,0.3415861284944216,0.09437878856896494,0.07140950549653426
0.08477649519210251,0.09411968682825778,0.5262317154610957,0.26429666339632774,0.23800067030048402
0.06576121828311915,0.07132938190049305,0.5268503877927411,0.19486163736366274,0.07247700474589701
0.07340119909656685,0.07442928896644478,0.6236579836121741,0.18865331303755253,0.29751180317105547
0.0689322017025904,0.07068370953638321,0.5526719435331033,0.19050590249283067,0.10528608874715255
0.11822934528346728,0.13318277271407084,0.6957991343970396,0.3960364355556615,0.1386594771218636
0.16267606185846165,0.17302315376511956,0.9071780795052944,0.723520189811581,0.16038679091062724
0.04421927536888181,0.044409016830111524,0.24210514693800086,0.07176632925946262,0.054989251478011786
0.02823990546053841,0.03082332849528154,0.16387897907507828,0.04751365483665819,0.06185891885567708
0.05898858982819537,0.06028360302798182,0.44978376076304455,0.17000788320103521,0.08129646930261351
0.02533965657987362,0.02631493997525721,0.15463079645486089,0.045538279603023125,0.05616991042403538
0.057235593282768255,0.05778042585563669,0.29136896430263826,0.13447422278119575,0.058731537464652615
0.19525483716533304,0.18498724814158385,0.9441556249997438,0.9410290134013524,0.3401329833946984
0.022654330386009048,0.022714016404039212,0.12414191163495966,0.03810150391716409,0.04340392635716136
0.10858028695825941,0.11081439180175191,0.7734048981029842,0.45775039408350765,0.3122385129456127
0.06963283442241473,0.0691837589548221,0.5339174975691566,0.22389761489221446,0.10957210856754873
0.08279710030418487,0.0813554316172512,0.5802389703450028,0.2963137316811362,0.15425558050528204
0.04817932311958598,0.04650916033067105,0.31899208599299333,0.09500454735803045,0.23409850334088156
0.03354941213409538,0.03324993222860504,0.22685785371125503,0.0649154901019967,0.11869225799425458
0.13698677112582408,0.1349032291217371,0.8617682495126199,0.6403688541231042,0.20461922164381335
0.08086738531038687,0.08032461259088283,0.5660951053497809,0.19070656680044545,0.10045320458428379
0.09337544807334514,0.09530453446686638,0.6918159173213703,0.3499048047568088,0.12326036367702463
0.044546339342945905,0.046287065721840666,0.3403580901128373,0.1212340354740705,0.06543126614971882
0.08580217325324525,0.08907249704094038,0.5372365767927157,0.19417777838697903,0.10577595079867283
0.10795281964341456,0.10900808441381987,0.7241169165261395,0.44739252356525566,0.1658238341895603
0.06574156056849598,0.06802884127386917,0.4220218546247848,0.14436043227418835,0.10398739409196721
0.03100345681506389,0.03096093569758017,0.20723263040813727,0.05958940187458486,0.11704374624945031
0.04897357603176608,0.049011883349913715,0.2785518673769435,0.10370133032054736,0.06555219026929474
0.04777375024083563,0.049956706416766215,0.3498681087645891,0.10440813051293969,0.06697544584242071
0.10771593642281364,0.11160144479822147,0.7030714694558344,0.3246905480972207,0.14558570941471274
0.056546680427117295,0.05807574863304471,0.3097500188981845,0.11604336521977329,0.1801499599954343
0.09801658841826066,0.10261928393069861,0.6535493252963595,0.39460690098059065,0.1075248442539685
0.11594421538836486,0.12304287795162909,0.7697082255347437,0.4164031081939883,0.14486517409436575
0.04984189222677201,0.048732191294541566,0.25223920080490275,0.08933669771486141,0.2704537831175865
0.058091013735457116,0.0636954272173362,0.42487150761968817,0.1423793127374469,0.0781596368242512
0.1366194684897722,0.13654645450048142,0.8476056762025981,0.4628877400935676,0.17017007283345192
0.05270864082728506,0.05345161247102602,0.5135913359466922,0.14849737790567163,0.251234743221723
0.06614653653073187,0.06699721145187026,0.41119483676385726,0.15158135258631897,0.4941006583003044
0.10762602290651264,0.11747621868391975,0.7544699092813515,0.4481987935992917,0.1911704937016963
0.051980511371468106,0.05228283125351611,0.45179821401536,0.12150089337865716,0.05722011163029072
0.046951959740012594,0.04883513642169654,0.3172376045167679,0.10404782796055524,0.04602264319955887
0.06974358928689281,0.07160159802688382,0.4770451505013096,0.168696213900823,0.09440260274913427
0.04482412078960074,0.046841779958545486,0.3036871267722394,0.11495583159080276,0.06437511994676438
0.12176763469926027,0.15101457957341657,0.7788536446293745,0.4420806783108176,0.2661191347279578
0.02628832316921294,0.025400759808090742,0.16778223588635854,0.04415083649123178,0.10890019105983899
0.0763619295850396,0.0827624345108146,0.6201996514140651,0.17767488502457826,0.08059757824865921
0.058725634753516144,0.05872743712407711,0.48286190297956744,0.11084277326191577,0.09933230312019037
0.08984871295795588,0.08880122048424698,0.7280503106557923,0.3450965529082104,0.13549900336399087
0.07139820100035127,0.07241358593220806,0.4969090464877302,0.2014709062447051,0.37382658136185937
0.07926470642531272,0.08381933221868829,0.5505406710727196,0.19288384875336484,0.09124741446508865
0.13236393725880322,0.1315820255441946,0.8479329890493382,0.6767867693090953,0.16380877822806117
0.05890224667674079,0.059076320677348415,0.44725145419028695,0.14270454881246225,0.09636264009981187
0.07000226504191817,0.07190456009240064,0.38491809674842636,0.13853388307794637,0.32078109898547574
0.04080644827934961,0.04147807027043263,0.33284973624378345,0.08912719610632043,0.05827973064503938
0.09232233201377874,0.09751155152723259,0.6057523507804237,0.3211716843585348,0.11671877274504032
0.059794147832737427,0.06123966883783014,0.42729091042178124,0.12718977114649782,0.49676834196308156
0.0728671226204355,0.0732179863889223,0.6068219384662656,0.31736535038318836,0.19947333723301336
0.09479395307876884,0.1061274160292374,0.7643900619534149,0.4304896117049708,0.10594306980239053
0.08152929110685207,0.10817565178127035,0.7199130593702062,0.33377768324189644,0.18801846726269636
0.096497280434019,0.11469634481395469,0.6246817272423666,0.369433955065898,0.10326488527393597
0.06800754498419274,0.06840606743724606,0.5256532131615754,0.13817592990891386,0.4475567978741401
0.025739986624932702,0.0258741605051908,0.16478565066096476,0.03555702457883194,0.04948970670187443
0.08185569680580414,0.08191572511257318,0.45200801154753334,0.22218505985837728,0.10741982589497474
0.06124537951954972,0.06206451666493151,0.5177747742423877,0.1818943082418416,0.5662300173642701
0.045048306647606035,0.04603923915815707,0.29854601989253887,0.09368665910752404,0.21544597330508128
0.09180891678055447,0.09561072984377328,0.7210738345590555,0.29215447833445135,0.3042796594658123
0.049178154412498364,0.04785806418332348,0.36062523397503216,0.13188793161922915,0.7739139665544289
0.05623742295906237,0.05667176890507993,0.38687239920068794,0.1138625932021374,0.3433618459436504
0.04494008917828841,0.048109063731894046,0.3430387166894292,0.09349762559656016,0.06975398164034602
0.04755481820501101,0.04875659460170491,0.2507552716918793,0.08231244629457317,0.6635373714826889
0.08139820842597618,0.08218526862047937,0.6719375448290326,0.25480041581852797,0.11083861916576421
0.0711636781270034,0.07175723436980204,0.5213437558374383,0.2132841900103997,0.39515767586018447
0.06322051161982674,0.06495639684161987,0.40000854921048085,0.1411258895561874,0.12985555090685127
0.05068571821421453,0.051973385705598465,0.2970009852211389,0.09024919999991078,0.06563797835333807
0.11170635979295788,0.11630671316732451,0.6478555906966461,0.29152331850526214,0.12741971537760952
0.12676441415364076,0.1264433210698978,0.8795019814815666,0.7595818674228202,0.20726348227165345
0.07272662132085868,0.07400088585846917,0.46660220981950035,0.12637456102924205,0.20774327201879006
0.04921093618972616,0.0511282082292317,0.33501703965520757,0.13297260649678844,0.19532676615699482
0.024116940679674594,0.026832900663817303,0.23785626136886623,0.05093313818547575,0.11657964563977084
0.05036516456044493,0.053406626260090115,0.37764660174486137,0.0970701922296601,0.10407868647639182
0.03863834180231352,0.03912811535439241,0.18753020629625913,0.05925282783587015,0.39374908974366163
0.09309854177584859,0.09292211608989184,0.5052385246573587,0.19360357557287233,0.5811393128845707
0.08706084131814329,0.08600555247355704,0.5337078656094938,0.2710518681690789,0.14616228911463627
0.08039240061102042,0.08266887422732937,0.5755992765753601,0.32329374375502085,0.16147335289413145
0.04733838645064848,0.047654776645531055,0.2337852513725553,0.07990381661387494,0.4393783793487538
0.04072037321230259,0.04089170399313533,0.2171443844661392,0.06838074424969276,0.15522425776328888
0.053113497310765624,0.05394458906979277,0.24096541881938766,0.09236682866074539,0.623875304539321
0.06791913479562507,0.07045712729784782,0.431252529730231,0.15603152919094868,0.11384739634843988
0.10266033590866941,0.10873366238368555,0.7622536398862609,0.44982533346270887,0.15305182074431278
0.022315666685124042,0.022605231676422817,0.07146396141071051,0.027875135404771895,0.050516226124874886
0.0759027723878121,0.07835166957194466,0.5578438811658561,0.18361710202621356,0.5056374700341922
0.10204332912019404,0.10917391054657216,0.839934442418281,0.5637895876615041,0.2535078937235314
0.10713242297766251,0.10218672630698526,0.7282429170262787,0.43981107779196027,0.143574626492772
0.053065444002392985,0.05287982791123515,0.39287713018228726,0.15432207219148994,0.07927186608062173
0.03672090695096303,0.036585197587926735,0.16632002066873314,0.053938913022319616,0.751009351741325
0.043205510405379295,0.04694787568561121,0.21685170551736674,0.07770641185279362,0.055951543325807554
0.047023072426603356,0.0466745153306659,0.18272702550527528,0.06796095167135417,0.12987417255010458
0.08460903862017738,0.0871555015290239,0.5710315368562835,0.21880251375335819,0.17453261128653902
0.24523164869965564,0.24658133526705747,0.9806712830594937,0.9649566199744107,0.2741155550169555
0.023620193082504237,0.024425876804753954,0.11160730389553028,0.03451785295952168,0.14409290474076097
0.07406461058663193,0.0734515830007582,0.5142834117035414,0.20408877046664672,0.10051663363788993
0.06366209566133893,0.06278922875464905,0.38030082133024834,0.12026991263070022,0.1661780306341809
0.08306499100600916,0.0861488739296468,0.6762196111986128,0.3205223315345423,0.12369377248596607
0.049614449449749146,0.05107956782096897,0.285344055128701,0.08450263096996011,0.13330364937714884
0.04254979389858526,0.04433044248131942,0.33865954593391223,0.0914038762654213,0.2902817190585857
0.05108944295401543,0.05112352867976473,0.30164423025215437,0.12296820512546183,0.45710020844526444
0.1042165644192465,0.09655451109957566,0.7867035540368064,0.3916155107040497,0.13260533801226243
0.0691596714730779,0.07032826133918096,0.4844891428103169,0.18630583398381467,0.10127917192515418
0.10989631834948127,0.11177444250626178,0.7408984315427437,0.40688550571078397,0.26012353827115264
0.036778096320804844,0.03679077866333622,0.24733149760460038,0.06479621684373428,0.07613726073332275
0.08082137856429707,0.08192841486840084,0.5319965326579018,0.1816095160235995,0.10084080710387375
0.07972205343680673,0.08976531176090077,0.49136234380595634,0.18114305468392103,0.09518645333548298
0.04746238536657036,0.047841438721984375,0.27905084894994714,0.0869987954276157,0.05998149433980313
0.08198715506137473,0.08493345532230294,0.5759988302940051,0.2752568207882066,0.10871156250659816
0.10953439845057891,0.11704719141687189,0.7854043938544415,0.5502948669527284,0.2993789961039159
0.09276219259202283,0.10795013541698131,0.4859377738114823,0.2704470642851023,0.08508168336975312
0.038397129882225045,0.039149613760537466,0.24055478927828544,0.071572983582829,0.18269978681395468
0.04308443406441862,0.041394105598618586,0.2747839602362712,0.07331358204116861,0.1502798932144426
0.025813785839259817,0.028819263645806587,0.15150001940086513,0.040855483374738384,0.7950711255170528
0.026560744481195622,0.027108079633920534,0.2242212708315001,0.04778347111390168,0.063478397126003
0.08258809237729893,0.08768945427856756,0.5380134939208784,0.1809945498317894,0.10135401365225132
0.03824483979232723,0.04046607910774685,0.20237652360344183,0.0728728507082171,0.669690924958464
0.04280504421878579,0.043305415089881005,0.2537304940293998,0.09146720734804499,0.5168729197745422
0.07322065835635151,0.08029690241955871,0.510456625727788,0.2013906553888797,0.4787145242903138
0.020345353136858257,0.020777283449141426,0.07016235492761702,0.026920219850525076,0.1462969893872784
0.03331102234606473,0.03343146747777749,0.13851499097045,0.053620151706964374,0.5252481097303429
0.05713592653988173,0.061274135634761834,0.44459532613146147,0.14207477314726255,0.08405738634167906
0.1129116563793621,0.10909748745730403,0.7721439434654412,0.5213497437817645,0.2135052802234249
0.06318720022333009,0.06341570416688422,0.4955109445910805,0.16253126656672623,0.11663909430389144
0.046065124310061656,0.04821176286478007,0.33227954943306476,0.10661842614260461,0.050812526047701
0.038347854034061754,0.03815893499183585,0.19506405598176793,0.04972122272752888,0.3860971022359938
0.049161180532101154,0.04993356863119261,0.3409681565154545,0.08675325979480372,0.3388281370387454
0.0791991201611076,0.08518371556509761,0.4841357470465411,0.22788661961170179,0.15541227050506604
0.03899725437628135,0.03859478072439981,0.234551121103641,0.06862841722863887,0.07810315411350326
0.059643817254279065,0.062336355633239235,0.509843019022246,0.26598168304241465,0.13498281734779052
0.05372343541631161,0.05380038176010788,0.38936309216745146,0.12655523409629296,0.48539690746814806
0.05575119258586947,0.05867530155881443,0.3974010866759633,0.14287387527287243,0.675766309460901
0.03235029918118873,0.03270803998170992,0.2649525510247184,0.07396153341812287,0.36863322313863783
0.02742717406134909,0.027965083784230207,0.20660003015414913,0.04896884257884954,0.23868138378951845
0.04656534462302817,0.047153866691564766,0.3082917130518532,0.08295872005613054,0.05918872374893465
0.025697078826930283,0.026608346841348073,0.11392051427535675,0.042153723991862305,0.20691339469918613
0.12872319713535263,0.1293214125420936,0.7320897168570626,0.48772740416577426,0.14605797778874485
0.024512555958561562,0.02520089148090834,0.1352976251533939,0.03410055037342159,0.04639415421117171
0.07190300891878174,0.07201605052847095,0.3871252385067727,0.12933304905431525,0.14430129340184183
0.06321256295018268,0.06466842910306005,0.38455903782771883,0.12674151700125746,0.07897280559088536
0.07567292711612707,0.07843685119989936,0.5459209003074731,0.24356171297627824,0.08969144726594026
0.07186489896619898,0.07269280838990294,0.45794199765673277,0.15755254572958985,0.09004319307690006
0.07982848196707235,0.07999863644688596,0.604995797725006,0.29345572703062195,0.10269122386323463
0.09247996677352706,0.0924126518383562,0.6903827958062999,0.2937098096076774,0.18241722220139003
0.026615547696815282,0.0275770308816649,0.16026389125731624,0.046388347231677354,0.06642600162307608
0.040802630836740954,0.040012791917289084,0.18625383904408174,0.04981837028658871,0.29968875109946036
0.05206937529610082,0.05196756932854854,0.2979839481249451,0.10664672270558763,0.13855731785633582
0.028105230616503992,0.030659786693795654,0.1713210889118381,0.05471983485474496,0.10003308680404992
0.04074552337281542,0.041404113650679815,0.32717813025387515,0.10017404404886537,0.15714578842303673
0.05265452855595015,0.053585291084468065,0.41862595250856055,0.13608299300658613,0.16695485467924548
0.029431530599943505,0.03127739741960051,0.15580476738685614,0.04112941678918327,0.07205520119841935
0.04874746755570956,0.04900725600299927,0.3113547797335867,0.11147190331041354,0.5140544089833102
0.050402348603639756,0.05037729266261967,0.39052015113816396,0.11166126872076439,0.06899565285779502
0.06552926502684879,0.0651458186833736,0.47202169676602573,0.13455787315662357,0.09117211517679825
0.08599387437888424,0.08751842808030397,0.49296803128139416,0.22599333273975514,0.13531295154496065
0.04102972656979765,0.03910775551136971,0.31029797452122787,0.08325594479720934,0.7217998848107323
0.053454760312022336,0.05793927900084853,0.3254390585466328,0.1024073480274108,0.4665567675211603
0.06390260885248593,0.06601702718758745,0.3679559427141927,0.11611491384654254,0.07142991138442223
0.03351189894309168,0.03341841124838742,0.1533736448498556,0.042984005837663,0.47590134602247675
0.06379108037548867,0.06509262476647713,0.5100804657837833,0.17297223129760442,0.25406606012742206
0.09091736193408312,0.09259435492262208,0.5839353318424539,0.3017901790315678,0.21538832559343182
0.05426799636691932,0.058078264313119056,0.3417108105071407,0.14228836532024955,0.05844458210688947
0.08391105184649204,0.0908626329665867,0.5948600297886031,0.2484980945398785,0.14832189300872647
0.04858816409773184,0.04982045024916373,0.3452788757845615,0.12714009880277138,0.067429413634489
0.028799170691010362,0.02941164310639315,0.21643745821563243,0.06024139393087031,0.03717805180994981
0.031530749530293875,0.03147251921334095,0.1881133284251669,0.05558824125298097,0.16193716440060243
0.07328736523578566,0.07362947669241066,0.5284798896185129,0.16174605359628744,0.10642909639253853
0.06044435048330343,0.06176516694711686,0.43872428745881925,0.17614735981792995,0.0935023097248441
0.017957072843897942,0.019381458520282814,0.0682312688945236,0.027097734808524915,0.18024769400386814
0.06268712447438934,0.06411008767422172,0.47866258937129097,0.15353841503378501,0.43163935165191597
0.053573806851673976,0.053033783641775356,0.26703985834654503,0.09936347571882127,0.05856890420584947
0.04522975112472652,0.04644700321224039,0.28103271274805336,0.07865335607747828,0.5762463362029312
0.055875704704511676,0.06146955315518267,0.4244291254105582,0.1642408476299717,0.10870183569442297
0.03002979326249354,0.029942228504988885,0.11202288623521385,0.03696605825073739,0.18710180112717395
0.07434557407319846,0.0774014409541592,0.4000126704945284,0.2217678751693361,0.29371764076185125
0.0704384379505376,0.07105688140220624,0.5249937735366641,0.2474607300939218,0.15229134670326297
0.07119314551981404,0.07272434498126734,0.40721121623781553,0.15951983466586836,0.0858044581898902
0.10898867682559407,0.10916321567283663,0.6683462698714436,0.35247122644558765,0.24381705798872058
0.04646330740743284,0.04669212111845794,0.1621504754225648,0.06581585620239565,0.3064992342515563
0.04340335879208152,0.044291516951087795,0.3107636453729596,0.0734617779469282,0.08392393005908334
0.08475872500983463,0.08546694781894663,0.55414370866977,0.2361633943210432,0.10359022306643283
0.0355064232966483,0.03648552037196131,0.23375687189224487,0.08037833035575845,0.04268400828598071
0.04445469337865532,0.044320341356766574,0.26150565821838284,0.07537937268196174,0.09269871626340484
0.06199900499171748,0.06248065946498796,0.40235834752547855,0.13147467394453258,0.08455752698087957
0.098301833283054,0.10416753527252813,0.6791922233408586,0.4120267021300697,0.2546716538155566
0.08690649990485408,0.08794417828509615,0.48574174023876737,0.16553422227330297,0.11447846873482513
0.052726977884164174,0.055968623473332126,0.41120997699714734,0.16585859136246642,0.0717869749386689
0.06464560126341572,0.06673040154705168,0.40366722220237133,0.1293771136335585,0.12956997043556248
0.15953402737435834,0.1609970458665436,0.844253543829397,0.659112267938833,0.2748267546606249
0.03520419761571999,0.03585327984037945,0.2330996932163388,0.06125276845683043,0.04913663617372027
0.09305002086264665,0.09684342481660549,0.5364946358232432,0.28179859281291697,0.0935147900255775
0.17484785827667818,0.17587108692845413,0.9384369002526917,0.792836963283702,0.43295341090978234
0.07683537533375005,0.07740551824448363,0.5176023232741325,0.2238005283251579,0.12763665345257064
0.03570080741693286,0.03421460690426821,0.21383879102459755,0.0526996388612419,0.0862599577962896
0.024572730189908482,0.0252364903677296,0.14617781067955884,0.034383249495107175,0.37237301971723535
0.059697584014641585,0.05981995602202394,0.418958518564567,0.1331371960068315,0.07671686170986865
0.08062524194033281,0.08439832386505221,0.5622460861346283,0.23482895989726454,0.18651561388673063
0.08118695585380913,0.08726667737870673,0.7775835798039352,0.2702952171449437,0.12004080523377725
0.030799597703409832,0.03158335414769369,0.23885931846126035,0.08346208860283602,0.7327045502723453
0.09010130275766845,0.0905222208888664,0.6954886020357034,0.371984365955991,0.16121241028484193
0.07276113305791072,0.07457283889111668,0.4906346724942181,0.19146478192805172,0.11077508180216852
0.027933872688881083,0.027581546732843628,0.10337404438102414,0.03662391015257693,0.03373366710248686
0.16921903798594812,0.17564962222162986,0.9155219229948065,0.8154085150570556,0.2849630051720726
0.04676980220038859,0.04727824732734449,0.2511198509099376,0.11270414753816435,0.32338876678731865
0.048189316207914286,0.049292301079673216,0.37252629249430413,0.13062815104150122,0.06580116417196509
0.0353575713707131,0.037054319051689266,0.2274126788459247,0.06442080334552297,0.04323794459012696
0.08358274371794266,0.0824787570171524,0.6267224647583661,0.24710049712860746,0.11729905350323643
0.20136894892627163,0.2215492354356844,0.9787695253448601,0.8329386042029713,0.2776910012287074
0.24821015760736692,0.2561722818095244,0.9234630778037471,0.8950482118335225,0.6627146268487424
0.11508927232823571,0.11799089118072277,0.797855517749514,0.4849724322888845,0.2680499703055328
0.0929034089397124,0.08386515496228147,0.769504623035923,0.27566628222258543,0.1265613517370729
0.07764466863520572,0.07765468728974466,0.546879033273389,0.19927615617446154,0.31363952935724676
0.02756001204103845,0.02748921500165088,0.15204823017536956,0.0481171836495918,0.2928157509085307
0.02395718992333971,0.025166446509112903,0.1285460061608683,0.039782586284488136,0.6741870592451039
0.06681679919486169,0.06925967956424074,0.5426049224210988,0.2127445743450918,0.13436903579059398
0.13105439606232488,0.1381540455429031,0.8179909759728246,0.5199296966196244,0.20029240472949408
0.06251443653157589,0.06300783592524459,0.3920077642699478,0.1420468770616334,0.706103121950714
0.047946155839973664,0.05265400800791292,0.3393290426577678,0.15681743878118715,0.5227946071632678
0.04806895418778819,0.04944748389499348,0.3230314133861797,0.10715620785640645,0.1444297364775884
0.07937596530866749,0.08705513778561398,0.5749793031082217,0.2849292958703402,0.07910927497588822
0.10528736524035308,0.10512801940551599,0.7097165719793452,0.3140972789500575,0.8445259080371861
0.1564892668590027,0.1630978765478162,0.817008901352497,0.6243863806771571,0.1858749619131227
0.06717708820176453,0.06730431832316179,0.47060270778973046,0.21269757456143643,0.07538545701484434
0.041607609540911986,0.04147196679628956,0.22193971086185638,0.06152814922184716,0.4223684415128389
0.02647749796699139,0.027100348457707084,0.20299459745263893,0.0661083915722387,0.05529549216171479
0.04915453699346433,0.04945580949263258,0.25320462321343573,0.08697941288445366,0.15463494634936206
0.05613098369369545,0.05789357712302516,0.3912956595044763,0.11537539276619978,0.4753788352839112
0.0234700379708121,0.023766227745478888,0.12670466758650645,0.03173517956168394,0.22923360371343288
0.09110151942061366,0.0904612752875426,0.4948823802573401,0.2557436079253118,0.11450597214969692
0.05508320145169789,0.056215866711035366,0.3137500085688642,0.1288252477865112,0.06011016133961923
0.16994241290741027,0.19595175169417683,0.942790365164132,0.8378436648297577,0.18225598132773865
0.047497280224177256,0.05024236993650201,0.3926649405082775,0.1187207574706651,0.10285687285287723
0.05028814351101376,0.04976373106741771,0.3067440389666451,0.08376135369330426,0.10031743580838606
0.04448253837742217,0.04328133093279198,0.2831304095354931,0.10605988957786931,0.5252102972968119
0.04332528458258391,0.043173933647397356,0.2943124569030956,0.08508968222640784,0.06721105144929125
0.08516762469914432,0.0853757407953111,0.5874390072104192,0.23143705035690915,0.11457238566894291
0.09665091090734491,0.09276560224434738,0.562045215433646,0.27286547315284176,0.23645627550200823
0.08805479920466933,0.08976673710844124,0.7651155456978231,0.3586280917331371,0.36345450614621794
0.025800774785204022,0.026963562026706474,0.16956444306925067,0.03713768509558887,0.033508565624976415
0.12190225443566137,0.12148895935157268,0.8000150665228776,0.5079928141808953,0.19936672945256678
0.02775415471843252,0.02854357666944336,0.16493614519622046,0.04459515954777626,0.03574319962780437
0.05947333360912144,0.06027953727767351,0.3370024785297087,0.13352909640935162,0.06977718897337308
0.07497219467394048,0.07510277760584624,0.5265266710972982,0.2122758857892407,0.16222524055017165
0.18242487094687163,0.18581274048114985,0.8285687135379456,0.5835818823511121,0.5381609921038744
0.08135688008949271,0.08499758100086383,0.629909928862718,0.20217429135751142,0.10497491450684861
0.1087777515694954,0.10512676254956091,0.738608069299939,0.4307643107182999,0.2398254142467993
0.08740879141967131,0.08112091659863797,0.6190246665427886,0.25595017253123525,0.10878347798208465
0.03667371403011391,0.036804781422799346,0.12514409201574203,0.04205942341906805,0.14284559685623002
0.0834974790797897,0.0873416664399089,0.7018934596558759,0.2399611966999062,0.1220103287500462
0.04808508533062026,0.0515219974357585,0.354015811495892,0.07865936476077325,0.4762251087819861
0.041323647003154045,0.04121882537016869,0.16421782819283398,0.0663262323243589,0.1133657598001289
0.1444926518760661,0.15438018194708036,0.8046719361445239,0.48382759416403204,0.1853378158865441
0.045167599910530154,0.045970397884433224,0.2068461718237499,0.06047994867017482,0.05443945119745728
0.031960159761744704,0.032769963508984264,0.18208668247285625,0.04164086873653315,0.28721727247875994
0.0414095504906127,0.040718924035908176,0.19075365862495322,0.07534760736808174,0.24049341950625217
0.06671044118140584,0.06758296357097429,0.42793679066147744,0.1639413976091068,0.3510204668956334
0.08463586349461777,0.09274971648051396,0.6069398847623002,0.2502781707857459,0.14884860683784287
0.029017255290214223,0.028998363123160748,0.1455936893955171,0.06405042627306443,0.15956541354133574
0.08848116031844154,0.0908957221203139,0.5377621977496779,0.23986485979201772,0.43542194755714353
0.0586839431234318,0.05936131361508241,0.3846328320401053,0.11803764260151152,0.07941474402136536
0.14294357387722958,0.14289631203866943,0.9047511023387038,0.728648398085344,0.23174439387123966
0.07735018428245449,0.0816332161295949,0.5007966199961414,0.21889880219357047,0.1027306049565449
0.025398184005537137,0.025501495171578126,0.08255276006680332,0.0338779853761704,0.2596334718553953
0.15333567036480403,0.15451995894729517,0.946073673625134,0.7113080300882799,0.31394272504332
0.10126522369072977,0.1040542575232283,0.6466068214542731,0.347933827886355,0.1636981612056853
0.03009350019053538,0.0305359635062209,0.20176062718783055,0.05836489555790081,0.33703895366143655
0.199818208287948,0.20095432003482866,0.951564941178722,0.8631951222012247,0.28167580021774613
0.06990054172497041,0.0725675500188665,0.4377951115697284,0.22583730660312926,0.13467580976929747
0.09366312647228973,0.09709332219729784,0.8090971426146228,0.3744558733222824,0.1359527218086687
0.055140921559842605,0.055186674301518156,0.4390377308731323,0.16306298403801162,0.3037238035486683
0.05210574615356884,0.050561910592489843,0.4386250168227637,0.17286066895818344,0.19178173199884613
0.21389218556786976,0.24170699016550357,0.9367972305943615,0.8461388804105547,0.22074393488633162
0.07872951412244361,0.08449503731668903,0.6079618979316775,0.2059895784961207,0.11171199360660357
0.1619976833466719,0.1673092595684885,0.8148772979868594,0.6246682471577468,0.22023519312801665
0.0395651960606673,0.04241719313242921,0.3245961226711201,0.09426306608469376,0.046166950692405666
0.0511594931808196,0.05156245189095738,0.2711426008292228,0.08632000356795061,0.6456131257439354
0.05801637160671231,0.06209599168677512,0.4968335009975477,0.20076851536962806,0.11498904027679974
0.17481720790122562,0.18310166234657735,0.8993719825473369,0.7443692541792878,0.2723704593238298
0.0784284276413232,0.07930750542154066,0.5758475579025534,0.2512983056378246,0.10208825963447525
0.05068460011874235,0.05160308759004165,0.3995078463959203,0.12959972262108527,0.06907751822108296
0.08435293284006869,0.08591586521142104,0.5572783164831387,0.2433884143717766,0.4480931666252245
0.09222864000794079,0.09587591847791666,0.5308732345570415,0.24558458876229433,0.11847804643469645
0.08012123466309551,0.08904948273289531,0.6000693772863465,0.3091993044249541,0.4570644898937398
0.10760659449304567,0.14302935643896214,0.7775353962487449,0.558874892915652,0.12866130735756087
0.055906827304710326,0.06113290976216451,0.3619036605728355,0.13743456857701303,0.07108482153737682
0.03349881383310103,0.03426167690008958,0.24669394529412703,0.08189166789155711,0.26793565436990757
0.0514885662120136,0.05094684162031794,0.4086680528357862,0.16051369746614416,0.08404440600248081
0.04751606083368056,0.049072791721716656,0.23117634635879694,0.08831512756519441,0.11944344983373938
0.027645244069972135,0.02782391897517939,0.17744420161593522,0.048126415018306945,0.527155059175737
0.12161891937499306,0.12159583020678633,0.6541391087951602,0.3929613425447436,0.17159431953915094
0.1020098291234181,0.10592790112995878,0.6908735304274457,0.33619172370531253,0.14627875608935836
0.08886947175434462,0.0918398481491395,0.6091181036890738,0.24008554963491946,0.15157761651684978
0.06937232955954899,0.06991515586837108,0.6123811848814302,0.25997271200197997,0.12762492664781583
0.08319053937798426,0.07899323460303932,0.5832978505515496,0.2969061898847846,0.10031101703308318
0.0742915364459792,0.07360033277946534,0.5230419711325586,0.21422819313156233,0.11901466856213842
0.07393351172000202,0.0766768315023132,0.5508727602461602,0.14619989805829386,0.11236680628515251
0.06672502454671887,0.07112171897541916,0.5138662177379035,0.1723406140678653,0.14896073543554894
0.07374628960863516,0.07368280503367612,0.4279143988039973,0.17336433542981616,0.34835726970502984
0.06230569784590464,0.06490270350041279,0.4939023495420033,0.18072252150865045,0.07912846396108172
0.05124386591464645,0.05101306247392289,0.2914706140729023,0.09697384147279166,0.7469496834231167
0.060353348335144094,0.058346477432743134,0.3181058350976696,0.08337845475446039,0.6661805557378432
0.07805836670842974,0.0798360038375977,0.5280646451351275,0.19897928968337672,0.09953464477344795
0.09603444463502095,0.10139541792382488,0.637121439697654,0.34239913920501996,0.12930862803108292
0.10463135650869611,0.10791878110484236,0.5430812140239489,0.26071213957346395,0.20480358684424677
0.09522470888353539,0.10049897310814876,0.6982387658930251,0.3529660464814443,0.10127520503970955
0.025303450029492722,0.026144154195408578,0.16129467536122355,0.044018496142564624,0.21933039300587326
0.0686576233961676,0.06942349451094704,0.41416908412076964,0.14815127819787452,0.3219359006187782
0.07221026061767867,0.07357640040331793,0.6419511512294388,0.2555759976100577,0.1306599829514919
0.08790759904727158,0.08836422017389016,0.5881854182722834,0.3190510405761979,0.14572006040478508
0.07044898185545634,0.06658233680616388,0.48404316053173563,0.16618318599695422,0.1177663298230998
0.04623427915845658,0.04598719894901686,0.3029258852995789,0.11174008794942238,0.0647357900802951
0.03431355364490868,0.03425186469721806,0.11440837848079947,0.04439825522324474,0.5562835150060268
0.056166962796398594,0.05774542169681902,0.28539274795647734,0.10334611688128202,0.32376291107839933
0.028223360760114575,0.029403783617253043,0.1581581939550149,0.052867378863517694,0.06630281293429081
0.08433182285407921,0.08624796017144437,0.5400648751848269,0.23999991795503767,0.7723045470811337
0.08348920391934944,0.09468215010934435,0.599902428840858,0.34224311063565843,0.10076258292426916
0.04099293514689423,0.04087132386490399,0.18442140975450935,0.06854004947296255,0.38133734700294875
0.0305390107971946,0.03102623232003504,0.19778824329153213,0.06374875885067713,0.2694151239398444
0.03959088909291787,0.0409439562821828,0.20342936705758086,0.06428786527492979,0.4352964149261934
0.034657641483040416,0.04295873495757563,0.26462357355438454,0.07747007218879658,0.40685725679787343
0.0751052860704832,0.07570258426418854,0.5565048442622688,0.22489083714064081,0.20971514283680126
0.07876126948830113,0.0792115843225425,0.5217690806721599,0.19988403712646824,0.11895708213454109
0.040608211445694556,0.04213397541957856,0.3256365354546997,0.09053733118797214,0.05623872876616546
0.05661846166475534,0.061346246463726856,0.3894434924860445,0.1271567446754652,0.1777122503526437
0.07136880631065623,0.07408814154217183,0.47270799421144266,0.17189220679546452,0.10133513771432076
0.11887077873797242,0.12536839107574213,0.8186101794444961,0.45301070830610524,0.6530790405230281
0.09108669413464708,0.09332297461519175,0.5314717022064153,0.23961142043018258,0.1505296316193435
0.06773669414310039,0.06823985774926078,0.4797743053176284,0.1503151911483525,0.08872972191881467
0.03755249417846221,0.03831612254445433,0.16222867605740227,0.055417742104516755,0.36893725846979175
0.08161930873037657,0.08403073946201724,0.5663478030535684,0.2719351582492333,0.16403270154900412
0.10940313595055895,0.11320878901357158,0.7689884207495361,0.46966061062235037,0.11950631081448132
0.030815540832957528,0.030457096657288144,0.21639285903801186,0.05398521232542979,0.06354921883002022
0.04107783607056318,0.04119921331430444,0.2862039767074524,0.0637318384683197,0.22397079742292844
0.09376658860981844,0.09714758530049893,0.6325343287652986,0.3257704355199931,0.31095573931793236
0.1285822022165078,0.13299322747574732,0.7515808377156356,0.3655215527954537,0.17202132459342084
0.03944911058493426,0.0391806604079588,0.27437272837881277,0.09672289802877636,0.7432202784309552
0.028612327025384934,0.029225670910374164,0.17947803162919188,0.052077902570679374,0.07677761501148193
0.0709123749749372,0.07117713167012257,0.5513398505291938,0.23336692422912206,0.19703834934559372
0.06764427250098688,0.06494127358815471,0.3858479612597265,0.14271938369521217,0.2403999826449691
0.03372985645753228,0.03426675138739525,0.19537325171675704,0.0592481651606631,0.04138672394765934
0.11470080052212024,0.12073195150802635,0.7523345967118947,0.3128561983552723,0.17532318931957122
0.03464929573133057,0.035614039356331374,0.1713331727255763,0.052120587274816936,0.10645344626923248
0.04020049756568847,0.04112102660410161,0.22513308129918377,0.06993713104531248,0.05067735346790828
0.030813248998054467,0.03111730832006145,0.1421529495148053,0.04611274136699884,0.11458948352848256
0.03697296351327717,0.03754842397712087,0.22577264486801668,0.05797165278990815,0.21800019850179356
0.055180045089928624,0.052202452615476284,0.43484639657849683,0.13241786524619145,0.10071094458082615
0.09587326650118086,0.10606267756477118,0.6550369784495499,0.38283058925954805,0.21813735881561266
0.10402296232481265,0.10902102608757865,0.744615420779301,0.3706455987184715,0.26837690574587136
0.061193787200363656,0.06265719157807244,0.44105917822042545,0.161934694786803,0.7708083374769051
0.07176856197497673,0.06924151915338762,0.4864088086466496,0.17866065326110125,0.12876338504947907
0.1427556004658903,0.1448821362578325,0.9108866216633585,0.6137759676274868,0.28598151209806155
0.037380350686024084,0.03725480276926129,0.18458983628118733,0.06069781762346339,0.19514637675768554
0.06720217956105463,0.06732951412951416,0.5089538921127398,0.15923932459356865,0.09782788958198843
0.04472118093977591,0.04471872792916195,0.26769249086469005,0.07198901943272551,0.10543509410026577
0.11447876833050818,0.12442185534365381,0.7479854205718424,0.35382579738316544,0.37004656540182906
0.03299144787319965,0.03387172653814936,0.17508791491771022,0.043649079069069015,0.39639308575823545
0.04973987313097472,0.05188079092658983,0.25794081231350735,0.08976276053874525,0.28181487922202914
0.04899186931089274,0.04995937061891251,0.23452249224842767,0.08094086897125494,0.0635060962506879
0.07028934999948706,0.0674893475811955,0.534099914338478,0.2253368487693343,0.11749382249537617
0.07207678571679103,0.07271942549768771,0.49849672813413143,0.16938414294618157,0.10141002049155443
0.04313169002142596,0.0423762196015021,0.18746645411492782,0.06953571737685874,0.3276881223257932
0.02439196140112847,0.02462902498788059,0.17589807210022365,0.05043060432515342,0.5227757894836008
0.03785359896136591,0.03776919235020897,0.22860480623053137,0.050401012584501595,0.4192868302781306
0.09824503079930377,0.09911263522949557,0.8166760847725518,0.5539984511585062,0.17259803283849798
0.11214575762208155,0.11280310091013758,0.6685143593168137,0.3367412574323928,0.14710619475469924
0.05644202791884428,0.055742766312130786,0.3834769916282349,0.12261866603373524,0.09286210591772881
0.09100119974287386,0.09381416617534437,0.5705104121745496,0.2733529695065984,0.11518814569234102
0.041291660945838526,0.04274843622544855,0.21913446799734138,0.07771185093735297,0.04468666213722212
0.10435591499505449,0.11157277238957918,0.7115940813507164,0.3726824445397077,0.15337464865345038
0.04297700334883093,0.042665540019115746,0.33498932409732646,0.0923978675642185,0.06429822969657219
0.05201410556755956,0.06167429548112342,0.41143261895703037,0.10323108090249554,0.060637552603980224
0.02575786754568444,0.027673197244803886,0.14116286364142594,0.04408613718015847,0.1453719220141423
0.04324799853336425,0.04387695737963553,0.36569571450679944,0.10026216629200928,0.18133423699226878
0.05648809115361898,0.06237353237289926,0.38098150084292776,0.1281513878704091,0.07176228399229076
0.09169989149998725,0.09598099381148466,0.5954805919060032,0.22744811234238496,0.2981903722662317
0.04892263971297474,0.049526021395882296,0.34868149814818206,0.12713497568405127,0.12271692269973969
0.03846991282720011,0.039638962199717895,0.16822849637762005,0.05398791575622207,0.31815998367803533
0.040002363009567214,0.03952151053152353,0.18118718909073536,0.05570288271423376,0.05835130214937983
0.06679631852113582,0.0660977872298112,0.47916298773019517,0.1871698915341159,0.16713224488181683
0.06890332442383001,0.06983646628607955,0.4950725001622177,0.18023964822163444,0.22581606170364302
0.0752004189362472,0.08258137750361619,0.6130675249145664,0.2539195427984439,0.2314597158013611
0.08192279260110752,0.08258520920237906,0.5421530820030501,0.24109599987153602,0.16819484242112848
0.09307832795681975,0.09870369479955314,0.5716347956796465,0.2961014883909202,0.2632957711341055
0.13592997962387543,0.13879014579307436,0.7718979268382701,0.5019977470969333,0.2135874924585487
0.1400847209886394,0.1389643215448967,0.8936242739814861,0.6931320660068593,0.23621325759099354
0.04834297093280695,0.04970629544953076,0.2947639559068347,0.11509664392287083,0.11358288819277486
0.05167255841524493,0.05219576336021826,0.3069117569616045,0.11011595222338012,0.08019707664637718
0.11352189593684729,0.10952119671736155,0.7417986759698797,0.4867850713818793,0.20614537031725969
0.08543723853615479,0.082522586125208,0.47486257068297166,0.187557951938529,0.13871870131219347
0.11355331344902206,0.11549368313364534,0.706763086822639,0.31963153878505257,0.1464321065426151
0.027402423760511597,0.02820941612936952,0.1662365541024274,0.05666740137156271,0.257220362301856
0.04540486142385944,0.04959150602030319,0.3438190968307457,0.11371493004028962,0.43098060529647975
0.0445701527876387,0.0449061071712433,0.29781524457467495,0.08590853602939333,0.0782845864276191
0.08934136946292934,0.08939233282210941,0.5394722347782552,0.22336417122440508,0.16710966378374068
0.2347943467851732,0.23681140057543335,0.9536229131319889,0.8948685672727321,0.3101332601979803
0.08200189848798276,0.08712293541024538,0.5928995449782205,0.23646902861624636,0.10817069028355479
0.2301879532941331,0.22350077260750095,0.9746235306980728,0.9399636465570925,0.3703899719296344
0.022095362837319533,0.021449674146683254,0.10511354745358821,0.030535768647832674,0.47201114378083203
0.08055997593821548,0.08259649615657329,0.7157053143304934,0.3297392281501754,0.16321642690620553
0.08250981512257013,0.08603162429424485,0.5644228187455813,0.25101529195301087,0.1455606888533248
0.08646463513493721,0.08748825431409546,0.5855934831165425,0.20738582962870725,0.18718323292029632
0.095910752097322,0.09881694673500205,0.55859643101872,0.310874381938094,0.25881262937372185
0.09041628936447885,0.0915749750068041,0.5269058697286966,0.21382194862621068,0.1798421935429451
0.07517476026090399,0.07183848926247301,0.542817330768872,0.21459277883754113,0.2079631161803297
0.04630699234972021,0.04758963585133026,0.3004389434242458,0.10035104187778911,0.14833643432758253
0.08363793788449328,0.08656757406601119,0.6318598738956308,0.2374174601871703,0.31783548300408765
0.10336261484486581,0.10787525584022685,0.7084080631544544,0.37026202919585105,0.27956432128612
0.1582965841401823,0.1745652172687887,0.7890764046967894,0.670194103406692,0.5611233677854955
0.07452588117914513,0.07754946638350142,0.4808993691311047,0.21960059864762124,0.11218347444944302
0.05872756868470832,0.05845214339785237,0.4573810035368266,0.1723764536885221,0.0852404384226282
0.09360681180232473,0.09657567731640387,0.5425532449248192,0.33022261703096145,0.09714446638264986
0.0711454982065013,0.07289421833517322,0.5067032956817963,0.20640444062265897,0.08754177198385332
0.05485040901235047,0.05552549758875004,0.3530935003034074,0.14118180764700664,0.35807188935153017
0.049907369873438474,0.05098584831143955,0.3288697346759388,0.1009729500284922,0.06194199283492997
0.11391566962535185,0.11854892725440859,0.7786318150697251,0.499517070001576,0.1396848005957632
0.06696049226885602,0.07420978449841854,0.4818695674998954,0.17189103812979392,0.1491930839151693
0.03879057215515827,0.03920031740265064,0.2167545382221676,0.0717213936947785,0.947298217718417
0.04051538922218732,0.04285742465502291,0.2747688734474424,0.07727380965840343,0.08247548729826448
0.06559755625331525,0.06644878100686974,0.398136009774127,0.14461344521802685,0.3425361603496469
0.04618108979792936,0.04672803591690264,0.35683517202095577,0.13237537529179658,0.18986841580624164
0.06305155256795156,0.0688131579910972,0.4081816954420706,0.1526674422832103,0.07051599444405071
0.03929782353419773,0.0393933859848046,0.25568287426576247,0.06275150955778314,0.07369874540957898
0.137448564642165,0.14769796066658683,0.8711390582564627,0.6297966662944029,0.18380075084159098
0.04412641510444642,0.04423987882852735,0.2098066214533633,0.0717359947966019,0.3587198626035959
0.05250163354319442,0.052427362741009904,0.2799616591208012,0.08844280190085146,0.28358273670231565
0.09449313172766834,0.10073334932812002,0.6206003080720531,0.2775343869471632,0.14587550869791074
0.09777595122923959,0.10508993770678884,0.5428443136882742,0.25063713891137157,0.1587363817683641
0.029788980658395234,0.030712916518107654,0.18913377764510203,0.05485100192132376,0.16470634824738484
0.0981840762545497,0.10437094553259833,0.7422309152608206,0.36561058111414835,0.141567768036481
0.07934335950720882,0.08306611302791693,0.5338246162159795,0.27522778591987845,0.11299550811443791
0.0932175203257744,0.09524673466795916,0.6508483839683233,0.35616411591432945,0.12237934333840399
0.060670752565872975,0.06502603612150959,0.3319800990311282,0.1461049472255141,0.10792133053928092
0.12357623456917295,0.13116657177742896,0.7153883705584014,0.4819611924034647,0.3660283421305015
0.05813013439019147,0.059395530366844466,0.38862325292216604,0.11987260067791429,0.3423526944893686
0.04826561424034455,0.04818684104465089,0.2986507428496624,0.11793889962335047,0.7209669897507894
0.04243965171332952,0.04111325153819465,0.20346158573373022,0.052074163652155246,0.19376912212165656
0.14273933874125133,0.1509524217750544,0.8857662591394166,0.7982282306287058,1.0906014030375326
0.0397560246239354,0.036584144140244926,0.2988127948758544,0.08591871726176938,0.0720384468488049
0.12162054590246991,0.1262430526557644,0.6524152462280697,0.368374002497755,0.1800022130655741
0.12012717572496535,0.12117934140074307,0.791947370964418,0.596571616910607,0.5145430470678861
0.06510222496949397,0.06681509324066158,0.4888447258192099,0.19517693649598622,0.5679941762809335
0.048094057402528714,0.05001552214487291,0.36669549450926753,0.09336289687140442,0.390423696576478
0.05061751027852348,0.05197079601498398,0.4118085899887237,0.14749746315295262,0.05923704825609372
0.06029534893977585,0.060061605825453716,0.38599517560024943,0.096779357150796,0.30067665403329963
0.037849657411001235,0.03770192128925945,0.17516876892643543,0.06832107297224191,0.161825810847991
0.11897789305237381,0.1291312873395036,0.671349979208581,0.2955778856990761,0.14178793075962998
0.08455941830300373,0.08744016650707236,0.6134820226366886,0.27915967229793304,0.09966431781480253
0.12135549045485493,0.12825429987117742,0.6500159373292632,0.3479313596421338,0.2923213963152979
0.05358348121584534,0.05468720439981531,0.4054379272163879,0.14147759913360242,0.07092657334846625
0.11503564143843832,0.10964981665491291,0.8013381012064449,0.5090564019378107,0.30650001433040736
0.022461444416878987,0.022777475956001575,0.10534222743859363,0.03462166452900967,0.02386948729555258
0.10995730022666683,0.10794616558345449,0.7658901115850023,0.4278420498974538,0.13043025928799706
0.11951458590340616,0.12323674658514379,0.8617084018701621,0.5224334256833238,0.18994947945214236
0.08486323572567746,0.09178729173951838,0.6116363765757147,0.27245263304888245,0.10404127369278007
0.06210072375514001,0.06520220411840616,0.42167528428710094,0.17888292658979787,0.07812673303412512
0.08103324649437761,0.08337081131265,0.6759639588814537,0.31503006469534905,0.12180501584859421
0.057604424167082585,0.059864437497566675,0.4953863893733976,0.16820737962983923,0.08708183369661603
0.04116613801540292,0.04160410319007577,0.39742189776491477,0.10097061159493353,0.1414943672341454
0.07220900415889009,0.07965500418243919,0.4723472501432316,0.18254120827525608,0.39861968350680066
0.03899889117429174,0.04351788949452004,0.2747706635916106,0.08061877302191314,0.7603997179102299
0.056646330192563606,0.06152658510552053,0.3189744788682366,0.12054424646985279,0.6046396868011273
0.12172802570050072,0.12163681495124881,0.8457938757542188,0.5967662345517075,0.22714332384261465
0.07752543334372458,0.08012875357835154,0.5327407293084166,0.24739543905881195,0.5969245747626979
0.0212238608087197,0.022462732890554955,0.0941786088634009,0.029661056211943135,0.23044814372333047
0.0681351118106891,0.06872119914690923,0.48047673760175674,0.22495035388792184,0.10432072484568662
0.04423311858175692,0.044851956394817954,0.3288277559998976,0.08523783639090225,0.5002458789649282
0.07471007683502899,0.07693420343774406,0.5262506672993619,0.22323082204044617,0.36377438891991287
0.06794882136208584,0.06879937862462632,0.42860116052639613,0.18087029093605209,0.35171013065243345
0.06910083132813516,0.06657240173534455,0.5013561260943028,0.1807366397579565,0.45835631446617064
0.07918252767471674,0.07948624357781359,0.5221033399244186,0.20290743636898734,0.11375508641597062
0.055263850005926096,0.055302919823199986,0.29247069781446844,0.10064537557012052,0.395634064646697
0.03973401979439009,0.0400015083980108,0.24344065314373828,0.06678925592765114,0.15530362114728544
0.0402114516766436,0.04050417400039328,0.24094185911642657,0.07199326650427137,0.17495096004608682
0.09992529550630189,0.1084598710766691,0.6439259539545046,0.36969645206086166,0.17537112956091047
0.07079788515572623,0.07413318125996789,0.4804582148310219,0.22241670017159987,0.08297596776386962
0.18669560089585666,0.1927467705774562,0.8448457729891841,0.7202243469072644,0.22315340666242836
0.062029018785987454,0.06344069220295308,0.3622876757756765,0.1094711108880555,0.0791413093700805
0.21432598800746674,0.2335926953795823,0.9415650062376735,0.8138710660689612,0.2599939267666414
0.035639618140215316,0.0360281833021876,0.19102489794469754,0.05483903209666378,0.19057778475307827
0.07642472682781898,0.07686755399942696,0.5737150817565577,0.2620345108127818,0.22424796291624557
0.09302719124814969,0.09881711487028515,0.7177238137706198,0.32807949317853125,0.16787459208252367
0.04501741083097107,0.04751158270674233,0.36328051756603025,0.13565816332078556,0.1867900922713017
0.02054592746532308,0.020550329944956224,0.11321387774345817,0.0284938463274292,0.0450171568050863
0.11359875931550191,0.12534094757397135,0.7426533419304089,0.4926302129160398,0.1547065909235379
0.049511223073433544,0.04492853211987474,0.33446225087662773,0.10472251988277323,0.08200828402172941
0.09885871475080303,0.11077795103173803,0.7615430673873158,0.4836775790045528,0.14182500941415466
0.1007436669850083,0.10115411766607824,0.6476194348211965,0.293019959594208,0.3325054929831642
0.13688072899329506,0.13813276745837189,0.7725188356953505,0.45296131182264965,0.290642191127973
0.1362780745672537,0.13435327577748354,0.8878538206656156,0.6634681491052522,0.211803724362058
0.05826649349549395,0.06448476411342151,0.48617177577863424,0.1668016850646742,0.09833795876003903
0.07897734803847306,0.07644150459582082,0.5858740925628657,0.25065448524595885,0.5729152812114631
0.03932788995040179,0.0405954944328688,0.2498440057661331,0.09598724647159784,0.06386987370139997
0.09146617228235708,0.09269656465302757,0.5795656700095153,0.2692182531668608,0.23642578917887677
0.056276498272155105,0.05613879742887041,0.35948139642236226,0.15300748220359853,0.24763496499829699
0.08051312446727885,0.08361466599672886,0.5179292534749789,0.25790678573399517,0.19897507348436771
0.12381480476722032,0.13940691284189982,0.8074031006579927,0.5297703753638947,0.18190254617756688
0.026068775667832063,0.026685099523368647,0.13887712491760926,0.04454668566225628,0.16594024025664916
0.08656054530381087,0.08635035744450446,0.7058304881843416,0.3224058278884598,0.574436205664725
0.0929423951456103,0.10232106382180943,0.6978388629408789,0.33786718978104074,0.25088451113049515
0.06514121869980256,0.06837379317113532,0.518559538537362,0.16151913471873786,0.10410381710664501
0.0320959781543929,0.03357940849802631,0.1494377936638366,0.04485730493888072,0.1469797002474133
0.048249794315829285,0.04907372392124282,0.3297474149194142,0.10269722837225756,0.2336674064411919
0.08815146690551813,0.08830617164569506,0.5366330624925402,0.2768329301308175,0.10405197129926846
0.04158377604309068,0.04224661840528906,0.33437700920979,0.09410887363713169,0.08675537560190259
0.09345200763154812,0.10586710636124794,0.6379703715120786,0.33319717710544156,0.09096214069104268
0.09362387817038004,0.09846408873061334,0.585716682969264,0.30377455485925964,0.1614036065113663
0.05961648322780829,0.06040196205311437,0.3690364853316325,0.13716309971744586,0.08293810398215647
0.04273949093587071,0.04312196896351993,0.2390483347353143,0.06927864695017742,0.40024845889869765
0.06292067003578818,0.06972298196636008,0.46219659541444796,0.1737362834264573,0.6288932855600642
0.06362457047802454,0.06208806601373054,0.510550797324391,0.1869848147799315,0.0903998738598692
0.05098936149379313,0.05185002659682895,0.4045811440766207,0.13827038530777738,0.2452600416947227
0.05612256697793904,0.057875940671777336,0.39504335656205475,0.15017176949079175,0.09126311122821157
0.08700839643834919,0.09329213097922752,0.5357829855282104,0.2250059993448602,0.11753544302907294
0.035664090574762226,0.03686301777861372,0.2279071163709868,0.07684029379543088,0.11041521121246015
0.049149291242425876,0.04988101840365498,0.3120287834451695,0.09037289986473561,0.1571349275574104
0.09532051998431522,0.09612712730538042,0.5596166597396639,0.2337620815322944,0.10147537206317864
0.06297102120081717,0.06346832414694362,0.3388591075015349,0.1209432733393639,0.5152641525094741
0.10875359111985085,0.11506005726857516,0.7395574963838719,0.49071815625168363,0.17213406664279549
0.057242684519713614,0.05665227942408029,0.27470038840462896,0.09398957410391427,0.14740081637462984
0.04274938544478822,0.04251843418391882,0.220188553199649,0.06648050913826715,0.43019552406329975
0.05512233309424468,0.05738866608587525,0.4111990979989911,0.11060378932896905,0.07963490715135026
0.06809649449650866,0.06979537495916209,0.48830464703920207,0.16992403746114415,0.11203719743110853
0.04268092965296182,0.04135654928360723,0.3735859263977443,0.09529707773804244,0.07568934141435446
0.07696869859904336,0.07655098234631327,0.5483150054810789,0.19801647545247963,0.12538139975066662
0.06331006707924823,0.06675032226657897,0.43502565671396076,0.2087549441213544,0.0797941081753075
0.12255662972627134,0.12549252662403945,0.8475293858806615,0.5456763218801992,0.20158067047653272
0.03254374859621629,0.033359156290803105,0.1985184715730195,0.05665459305617445,0.3029347275392737
0.03700108140007609,0.03725600640546146,0.2703580706996515,0.0713131181909647,0.3458716391907572
0.11878701580975694,0.12113274648399715,0.8454485261294079,0.683313666670907,0.36196343616640564
0.050843590877785914,0.051990947879858404,0.30178220203013695,0.09840724731060309,0.4305876872937121
0.18930978232528942,0.18146097180624804,0.9498280393341502,0.9408929425467158,0.35765228798245163
0.03829510119297645,0.03763454387530286,0.1992157517323534,0.058956870491925155,0.46225115576385223
0.06722492565815141,0.06745422161421176,0.37176649692362035,0.16650161745261424,0.18469049235701737
0.11347868319439251,0.14132648577615242,0.7157287389288197,0.4257278588182315,0.20049898924190213
0.10337862465715604,0.11002643918194853,0.7318810744676264,0.38121658057507546,0.13888736431159326
0.12043031153800007,0.11887631816905737,0.7340291318350298,0.4325955958098984,0.3665323307807806
0.11958409355716847,0.12027884381143572,0.8275800269371894,0.6295846610637377,0.21701697412513576
0.03830093149224315,0.03921421188116146,0.15633345653961364,0.06522749907597114,0.08266472673783751
0.08401812861338576,0.08706670089305359,0.6416777689674651,0.31417111235373657,0.12417424029024089
0.04663574995728949,0.04549673102281146,0.36814906964088506,0.10280063832927933,0.17145633758214376
0.21493812815683108,0.23185792354983634,0.9564464311834124,0.9281141772270536,0.22532084353978643
0.049038798950404,0.04758499725300786,0.41357241107940135,0.13380305688362928,0.3689268867525704
0.09316853937876692,0.09523293558936627,0.5992196231128075,0.24552395513041997,0.4675642814793906
0.039047432684220305,0.038813624780752655,0.1641413253932047,0.05551824215873023,0.16902162207581528
0.13248370361785566,0.1362513773798793,0.7988234457295451,0.5639165500517598,0.17290029957962794
0.042876698560655034,0.043005333531697144,0.3266235215412493,0.10482911893991417,0.3132985644000465
0.046208699221667385,0.047601757550320783,0.3408747108249208,0.09873510723360222,0.10346267236804156
0.05839284589927089,0.05942274750370555,0.31509803572563205,0.08540287443214271,0.1602840018341854
0.043204254513733324,0.041467770094380726,0.16844000940384313,0.06344996123195731,0.05638035803124177
0.051711327393884836,0.05195471022290588,0.2564856599848388,0.08868686180570771,0.33061233790751193
0.042099727507141485,0.0418936867765061,0.24492819592774676,0.06887753506278534,0.3864867051462091
0.03953136933607432,0.044670204639173525,0.295130194999096,0.07247484132384585,0.15401472091028187
0.023510732423120566,0.023215091871944888,0.08306437379767205,0.035557152362808896,0.33049196739452524
0.021646120557362748,0.023158571147103776,0.1013804455605154,0.034906257909674034,0.0275786185799912
0.03242753562226936,0.032632420528418395,0.14778116282817486,0.05985560111696639,0.3187818286843778
0.04439991106347353,0.046767593404102165,0.2721035932049688,0.10509985085486026,0.05113588137011854
0.05491303437654462,0.058321104125683323,0.38975242245663794,0.1130641093945207,0.060533527243109474
0.11219346193695665,0.11674596479825246,0.7791559215331767,0.4871590350035109,0.1462164292351823
0.11310944613916324,0.11599267316979157,0.7375061409022106,0.4543940473814073,0.12250812114447134
0.07667739156039906,0.07913702462140909,0.607747950220929,0.2054108674510786,0.11199119667246368
0.03794753330531973,0.03808482879482785,0.1841946613918689,0.06450156025354994,0.4665029892128777
0.08096687425276125,0.08260594785450975,0.551953326762922,0.2351889894779515,0.5474095941672936
0.03915201399343145,0.03911076276060229,0.242431272595921,0.07760675554288314,0.5836393867539492
0.062280871747275236,0.06452401125760696,0.4694405364855244,0.1568957964572325,0.7178231527167087
0.0700337493101687,0.0711577662583062,0.45191443386501795,0.16955526879197055,0.12405892375260319
0.09126844088859347,0.0888302697245613,0.760700335494108,0.31778456496402857,0.12633533837008548
0.06014814737974236,0.060582688107350756,0.3588294202103752,0.11009368123329448,0.3386939946597246
0.18442816263857054,0.20539608860336908,0.9359872777793622,0.8366649922915782,0.24579125180226616
0.07770653902957574,0.0817052365693108,0.6032296060449087,0.27921541818264356,0.24095926404845142
0.037962181719317804,0.03742751314182153,0.12385979750458705,0.04630745593957734,0.12670140833858928
0.054508725970090925,0.053100862925994134,0.29585830824518483,0.09724607976158811,0.14895216315343138
0.06920917072014005,0.07048381779349362,0.4728060077417045,0.15819327954079496,0.46423298507053024
0.07622839244109492,0.08190752916419584,0.5726098789588544,0.3175515782788261,0.0860591583683394
0.06676011128416748,0.06706241647209768,0.5284389200248553,0.189827963773093,0.13629670427710125
0.06283805073139713,0.0620520642101691,0.44206205014943617,0.1881434736006405,0.08066205320890181
0.056626621303456706,0.061310783079284656,0.3193996341932017,0.10219223826527002,0.23834391086730683
0.09654807922598398,0.10140199683969722,0.6075725808791939,0.30581202452164663,0.7453894864657327
0.046113642968099194,0.04552773606481295,0.4033543614407374,0.14079007779845643,0.14068833861758664
0.08973772154463916,0.08655976137552636,0.5471995582504445,0.2498933759330166,0.2675436756682769
0.06305568469271215,0.06247130593432953,0.39708467471389647,0.13077412584465892,0.6986841486290337
0.05941331831517214,0.06252420135536418,0.4578138062351284,0.114089079219514,0.0798962668958982
0.07766987201417376,0.08473230265053573,0.6392922976097503,0.2521608594929671,0.08113278895114641
0.06587446508624625,0.06766521143233224,0.46792911431320083,0.15486421028390526,0.10577000071731227
0.17607525702947754,0.182224249898874,0.89390233324674,0.7390717794240436,0.20495180791864454
0.060370499782218146,0.060158932987342234,0.3165645516670174,0.0978280145312915,0.07858646574291409
0.03448792092515688,0.03636604772087382,0.17863363014320222,0.06185528247777021,0.4807740905179926
0.06229618451289341,0.06345527135588774,0.5305421653547967,0.2101324272353886,0.10549844042261253
0.06793923479450269,0.0668859381695283,0.3861574949212995,0.1529448513297465,0.10377139737075636
0.07333184896261181,0.07453869976411161,0.45980495908562136,0.16655340562348167,0.2798254792118125
0.04038266850668869,0.042818593338794855,0.23380722085612152,0.07301895139286732,0.31234231460121653
0.16369079161529917,0.16159256199848057,0.8363764643798375,0.5751440371938281,0.24076119853806366
0.06272320998573368,0.06855820844114166,0.4597763026902294,0.2156984608709346,0.11304579087492699
0.11339921733032779,0.1229999349024687,0.6458573212095631,0.3335409220023872,0.1504605350509832
0.032639968788030105,0.0331473007795873,0.21839408817879238,0.052833048381785624,0.04000942907550652
0.06766159662159599,0.06844935566892907,0.4016926324662242,0.14554975893179875,0.1818327089318607
0.03401992683626438,0.03354240845736647,0.23509668408991452,0.06990735054526202,0.2793607930779353
0.04437572117861524,0.04511151680628422,0.34888793982717314,0.09338118253652986,0.39278800043239354
0.0653366108314127,0.06423794720109104,0.6269249177024699,0.2845730892585623,0.08875445007392098
0.03668015006692048,0.03712325324007171,0.2883634094459193,0.07264916357077429,0.21915427174387977
0.08212167981756939,0.08581871571964941,0.5854355474038491,0.2792372140063948,0.12205278766033395
0.04626304013799498,0.04763129402510717,0.3126827575550179,0.11023296200423044,0.0709568851679057
0.07101028921800251,0.07234584742740262,0.43567975373899237,0.17862107442865968,0.09589776932610734
0.08947107194762399,0.08437493807774861,0.5328547788670249,0.22396806733305202,0.16180566048211062
0.04361247079684043,0.04543697994968693,0.2393163536147258,0.09503568360078186,0.06206824265303512
0.10681775997717302,0.10836804590219884,0.8184303620002051,0.3846560006943194,0.47679979789508964
0.1160712371923818,0.11836314277123361,0.7973834519830794,0.456341021989214,0.25635390056208035
0.046680516505531545,0.046643868425033805,0.3885678574802977,0.1454915011950555,0.08365835051074874
0.04656140569368586,0.04801297649800366,0.28937629373836943,0.08359056964899196,0.278574262897887
0.03302583067750278,0.03307894711553053,0.11797434399353365,0.04748733130279302,0.05321510597422132
0.04841349626025261,0.0485820812975999,0.4465371656394593,0.125242296372395,0.3103728170623862
0.08299703452220526,0.08845571567913352,0.6681849161545999,0.3797023112930333,0.13920540181255722
0.08682263643595647,0.09086792805355187,0.6689174289299613,0.29647876033850934,0.24755155683620023
0.07679699654958443,0.08002409236581484,0.491004987959245,0.2403114035089613,0.36503104576974
0.03975265001090889,0.03958810769274446,0.16149021940556652,0.05179711706295377,0.06936379762726379
0.0820150156391373,0.08403519841761023,0.6434957408824308,0.3636735473235569,0.1158354116783958
0.09236087532447187,0.08841481835189847,0.6727703478908262,0.2553575014092791,0.11935686702979667
0.04750921728360369,0.048185015857546774,0.35517462567407343,0.11939694695323362,0.06671357384605199
0.06944357876904658,0.06893900707675522,0.40138594144236056,0.1268861631383989,0.08519271265143367
0.07544928140447159,0.07594065924931118,0.45199628696200855,0.1873133100334231,0.1949154865979707
0.11633163835841977,0.1203299789349181,0.7983357007219655,0.5242395034238115,0.15050022115645514
0.05272724752119384,0.05398704576416837,0.3245133669336493,0.11014504890675883,0.07783136471653133
0.060283886498129234,0.06000952295873715,0.28709341069685745,0.10248574494776494,0.07385221921269813
0.03544484561764395,0.036645358102860105,0.20584841794821626,0.059753331770725365,0.4765112240624458
0.05072748606561048,0.05027683885072346,0.371724131831687,0.11895430510678591,0.061928158366350274
0.09902112218688519,0.10409832304892584,0.6467820813640043,0.29178688880571807,0.08956994322704318
0.09940453785198004,0.10037732299567702,0.7407398037096433,0.398671068582206,0.17768558966736614
0.10728698179217779,0.11291145705657635,0.7684857647243487,0.5250245699504575,0.14230267785445827
0.044997975462120615,0.0433898690146423,0.17242589394566946,0.0639795300638448,0.34055808589614905
0.026548864965461386,0.02681093831052672,0.09073648475649647,0.033911459926451885,0.3318532526454485
0.08442596180302185,0.08737566767897381,0.632000643215355,0.34486054727321014,0.2400128233644008
0.09407419664312475,0.0936203006092043,0.6235790200870992,0.2786026288182794,0.13790721755789315
0.04567731676256739,0.04588346262133823,0.3956867213360974,0.1413884363622223,0.0671695865898275
0.08562954003366652,0.0873276763374875,0.6097518946662929,0.351346437334339,0.16950501140506294
0.06664202176540389,0.06754295100546726,0.48163059818333404,0.21297700615879916,0.8037687537040773
0.046030936964988514,0.04674123568281834,0.3911281197023916,0.09960334708807841,0.06919196423274832
0.06607657130519419,0.06673277446947717,0.4995106697268484,0.20201159968512813,0.09160269517115208
0.04472725388058119,0.04670718413657448,0.2383853011204852,0.08977378148534006,0.051692784857329296
0.07760956142630242,0.07828717718674794,0.4994383252313484,0.2040882830726936,0.25746891443578535
0.14229036880408066,0.1475614886912082,0.7424859600349489,0.4797601819470689,0.23291206692425812
0.17363221996400557,0.18278986919120432,0.8869758056610691,0.6543458136074781,0.2569445401547235
0.05607876332770276,0.05623208893683749,0.26003098134411673,0.08018949090045092,0.07298006320793028
0.0578970479594406,0.056483533349720824,0.4037342482154268,0.1408491408051152,0.4061500036238702
0.06302428136284215,0.0670467354968649,0.4887574186420974,0.16779159542913438,0.07359410318817607
0.08640444593818979,0.08860064015999947,0.5873609888365667,0.2128701143577925,0.21328027481329453
0.05440503351404968,0.054199284841408596,0.5867485617135079,0.21151584097244167,0.6915594266518398
0.049030460760332996,0.050214800501996504,0.3425510635613339,0.09794019812447483,0.06843277767809557
0.0748497772340999,0.07726599880153913,0.47221902181378045,0.19453944802354187,0.28224923042918243
0.03232768458871008,0.03127088433098028,0.18367914946791664,0.04465818338030302,0.24010794536597832
0.055373282573826586,0.0565913710884989,0.38620391491459066,0.13086344169203887,0.0720368274893279
0.059880137763766585,0.06311690190504822,0.5056139916832313,0.17673079478878742,0.5823546284713392
0.07019715531706307,0.07142581587359037,0.41403602541166956,0.18899417585057182,0.09478071159205861
0.0390321510834889,0.0385263599456121,0.22810569591759272,0.05950374407763062,0.69591195541399
0.049965371449234276,0.05181161546981036,0.28156469849401006,0.11280011006494083,0.05976433330752901
0.05151255242056476,0.053973160990046426,0.4097966369388505,0.11357934208093295,0.3391424657045898
0.14878395116695903,0.16242762221358087,0.8750465751842726,0.6465003342182299,0.25177040885643875
0.06914366039161474,0.07003009066357699,0.3987949063197226,0.17622274625140025,0.07901918858689343
0.03439900315826302,0.03462538742730187,0.24389620791400712,0.05386203625040989,0.3724564704054625
0.03999767868315065,0.040475797043443694,0.238800182272401,0.07222587417339937,0.21827868853482554
0.09258261851859531,0.09507066665123985,0.6978385802485136,0.2672741907558752,0.47506541179965733
0.07802859507631654,0.07815804009046826,0.5292129575049935,0.2418223854308794,0.12394882597252385
0.054908740219735463,0.06044714558083019,0.3687536943012271,0.14148687332877286,0.06704150891223735
0.026854052584059145,0.02828021630164982,0.17588891631840342,0.045645784640392664,0.10907528913944262
0.050604269991552576,0.05120002913642543,0.2536286522299687,0.09483861839521955,0.06238244705652404
0.11126445690769847,0.1169652196748475,0.6828318231883017,0.3597924760004038,0.6335415889619119
0.07735624529359529,0.07853171059426713,0.7125429071987637,0.3346238764725099,0.17041917111388977
0.06333343336498472,0.06429537323024086,0.4704672884815478,0.1269866852214016,0.15266636490103527
0.07646518392772471,0.07671864386084414,0.6237494509639094,0.23014147954204228,0.3649930258701633
0.0860977058037991,0.08765957219374633,0.6987132996154117,0.2510615922921955,0.17174916292264794
0.03998983270464027,0.04013912010076131,0.18656467807141822,0.05499511019896689,0.2586540546151422
0.056947274888261346,0.0579106862905159,0.329464741208893,0.11499292440657105,0.09097971140608214
0.047572102913847544,0.04829647002738706,0.44002984590760313,0.12068256399054758,0.07283802027500802
0.040499707865277255,0.040472820019313065,0.29777442139873084,0.09826026770939991,0.4781675127397666
0.05257770368046574,0.052718062558906674,0.2676495130322144,0.08689939082389533,0.06073136009215631
0.03638053258969324,0.03630774074846573,0.15991919690322248,0.06181817287719076,0.16928495333815385
0.07040926948703818,0.07244203043413108,0.5439322510984226,0.1938372993228023,0.15089733339150563
0.056608759188578155,0.055787906270081296,0.4764270857050656,0.17221191755658669,0.11508340709626114
0.060564028300906236,0.061122002665819,0.3234829753738185,0.1279063814017757,0.07702337161158304
0.05436913781766317,0.053747973756579054,0.22931569607872948,0.08770399244864757,0.4319260442681974
0.04573229403187945,0.04617828175491068,0.3904339025880781,0.09421100682680579,0.058409423733319366
0.042256143260234705,0.04408838622122766,0.26884000138529496,0.07938891512442836,0.5499482022893544
0.07672427887689032,0.07401735791428461,0.6220644925041877,0.20611680813445474,0.3638617252399729
0.042603912184978575,0.04356075696882093,0.3242054054909338,0.1089706330739,0.08173298508933906
0.06590146365551004,0.06653783047059819,0.4622119416955677,0.16338808027185114,0.10111283557535655
0.04217923538807018,0.042224422455514075,0.22710005781030576,0.07323568914177431,0.07406353365751736
0.03451865606759385,0.03405901829321214,0.1808571096028777,0.04574745429985562,0.07620679944344388
0.06814576716200121,0.06791591875938455,0.5309713818354408,0.14412678542116278,0.10113581478135729
0.04431850883060424,0.04589114095997868,0.4105315274505109,0.09157254364309872,0.12917529282807746
0.05659161591378903,0.05769889812430961,0.4621286300230715,0.19256966362044958,0.34892591202598255
0.09272864357580726,0.09517870051232494,0.6377417363779732,0.29323160332877374,0.11917909246516616
0.11432014099382481,0.11647922868991416,0.8353065122218705,0.47232197521898645,0.3207435752697247
0.0573850474517179,0.055405699538471825,0.46768976671167883,0.1722203845285519,0.22892103776101927
0.07723636444564538,0.07988574574653194,0.5253786586927558,0.16848128771225238,0.5466148114931593
0.034307485211230906,0.03505441600951975,0.2122998667690516,0.06509488960328852,0.2638956881181619
0.10042783701813097,0.1097447705165365,0.6809653379955979,0.2841470698817104,0.11884426852031102
0.04885540684573535,0.04910156417280051,0.29025480910964757,0.09344918356244857,0.3050363719378668
0.03771067859871482,0.038047053522107334,0.2249613424083881,0.07492008371904416,0.319477291690323
0.04235916853910066,0.04192251735654718,0.3321186895724537,0.10796563467687409,0.24426662237719993
0.078209080140173,0.08138868817510028,0.6573350206273478,0.19341694140488835,0.2520241139382264
0.15906437385663827,0.16813628511013196,0.8741956769081318,0.73163401649814,0.2247909382963725
0.06134155240596537,0.06175639417192698,0.4099066664340723,0.2047856853775689,0.5684103421627988
0.04835970522047362,0.05182414961568715,0.35796205057032543,0.13668331101826628,0.0673755969804887
0.11901794050730244,0.12122834327055582,0.7266343579205873,0.45902624672170306,0.1487291421168156
0.037550206519821154,0.03765587786273677,0.27980906608733386,0.08435533724753089,0.06043744924697517
0.07765654624443978,0.07942910416846664,0.5253561374401016,0.24382517821391975,0.14143275666365404
0.12048205716764955,0.12819221141960158,0.7963973493719674,0.661565160113078,0.29526913319943743
0.024980816301893277,0.025514130842260972,0.1358778070569958,0.04211192883397851,0.058197200226247706
0.05317407505520639,0.05349238248792417,0.3071880608517111,0.1298597106178089,0.07020544506205081
0.061082979920347884,0.06785859336651107,0.5000475456218919,0.20991083290257093,0.39593207917758405
0.06364400970841884,0.06733809162783937,0.4676662388822,0.1838304128584886,0.09509388364902499
0.06577345973542514,0.07065797082650033,0.4915379041379723,0.1669325396872644,0.2992446030749907
0.04577520749901076,0.04557176688354945,0.22052831291174635,0.07503441584749303,0.18271472657191495
0.09531855332909199,0.0969652469498305,0.6681395815892036,0.3400521489899889,0.1873174547252342
0.08035588982694523,0.07778247621200776,0.5644888112722987,0.2576341798476189,0.22160446500356035
0.04227109930115967,0.04244744310510166,0.2603373146800409,0.07568935183630843,0.09378819508723304
0.0631968393838597,0.06325013577012378,0.5031617658710281,0.19069723405971462,0.47247878534426274
0.05154033784015494,0.054661902688931695,0.3720046514452807,0.11675713296634303,0.06812687612034563
0.06785399999552517,0.06880596789472043,0.45184184686703827,0.17198666171065016,0.14817912633023037
0.13392449325376243,0.14332981248565543,0.818800544457146,0.5008194580363519,0.2706259466912351
0.0418657983871257,0.04177341420501565,0.20608037953570346,0.07605431293040515,0.6733744602065915
0.050474791601660705,0.05139210540868735,0.3041360731152914,0.0959144089954796,0.10791305341321561
0.05292413321923645,0.05372694257260246,0.3543781438051619,0.13291649167290487,0.3297475635874952
0.10675552832166167,0.10855915194380657,0.7529628433259363,0.4610188619910853,0.16089848370163584
0.04638180141085943,0.048073423076018855,0.25085858471807687,0.09172246740660339,0.24255479981029457
0.042784397197352414,0.042711921706618985,0.3098301858168803,0.07880442679140877,0.06560626508209996
0.058643300163987624,0.058926415808102185,0.3886038106775532,0.14281399330716735,0.1294840266470694
0.027212374659268825,0.027096705813300183,0.11656762361644607,0.03799511688772172,0.06714916537504498
0.055258507677987755,0.056083956846229945,0.32293733853430157,0.10738892802515315,0.2531944604706713
0.09512812508876474,0.08857744210241023,0.6712980429935074,0.2987057675854646,0.13025805062808804
0.10280621016912835,0.1124050845787489,0.7133837500813368,0.4967560883816836,0.17707950836244546
0.05206996102978263,0.05079020114018008,0.28208348173940845,0.10166238612270057,0.218991323051769
0.08662399237916865,0.09557163547329801,0.5279266611616571,0.2708223929403176,0.12024070819695758
0.08656867066960094,0.08717835783951826,0.6216459197304488,0.21611614373290994,0.6680595123807962
0.025493390994412477,0.025116851327471684,0.1647405592492417,0.03917653234882615,0.029996838822190647
0.12208676603507802,0.13091575963651736,0.8581675531337393,0.723063450852891,0.2006318346568098
0.05816773805145246,0.05911191535920326,0.48284399283369855,0.1672071022014575,0.08596336797809831
0.08718939884568122,0.0886329702951328,0.5262910444967115,0.2760407455837198,0.1969412640436041
0.08871416200913332,0.08809214764009467,0.7699430982757839,0.43621009548630885,0.3337769099659048
0.1524188769995866,0.15943636029920003,0.8439567270047311,0.6037346440906147,0.14826677227077553
0.10424259300479886,0.10854422881687628,0.7273102146644747,0.41743945221132317,0.4601690497518226
0.09198335693116383,0.0957528809445512,0.48772834186446345,0.24819160881163188,0.10509473019751356
0.041130465842671854,0.04090826133159178,0.13806325539053765,0.05769822084179796,0.11618415991133142
0.09445691315313863,0.10412726825323317,0.6357093012875721,0.3130846004233875,0.2119134622497028
0.07043461224328627,0.07289803906432984,0.5587048212596832,0.18821448099337457,0.41063396180044603
0.044642566462720086,0.04443907823580454,0.2041981173540187,0.06666767911152353,0.2737658678814279
0.06400023196380167,0.0650697783232995,0.4169212891262634,0.15530077088144875,0.08037637553241363
0.07892663416332032,0.07786725984588012,0.4838072707651645,0.20369457728315066,0.08550760587595059
0.05805206479325069,0.05901567692327519,0.4315210771334776,0.14628485319240428,0.0924688634858606
0.09070517900780917,0.09059096966968094,0.5119274888724756,0.23704048505831457,0.11474662777362435
0.03927567750234903,0.040812208711689016,0.25469794601944173,0.0741318938770268,0.16224794698719178
0.045143085866963466,0.045682130468293974,0.3589128546870491,0.09420685039894071,0.059688486511452504
0.15066959707022132,0.1529080418957838,0.8880654929437551,0.8133840463916214,0.18837639583758858
0.07029376788709636,0.07499555484844196,0.42498731857037536,0.15711971300409458,0.11084637812489623
0.041307823962999306,0.041813207016288705,0.2895498779378529,0.07850711138608596,0.5983599215136923
0.22320126145241037,0.2219243134989359,0.997168972785311,0.9977026301718157,0.35783751804427
0.053681196534504046,0.05455247725977776,0.3127235878518084,0.09569024706369958,0.13783706647912675
0.17043646329088769,0.16748575611116376,0.918383619315885,0.7825953795111352,0.21212365444548614
0.0991581744304814,0.10605133261023796,0.64742293756812,0.37602881676625227,0.18075526506020723
0.06379896433227347,0.06255401653932975,0.3464375356009008,0.13681381395336403,0.4189463303422061
0.025210418841092826,0.02569835000917582,0.1584157867248112,0.04383216591434867,0.49462908200639605
0.07714848875350312,0.0794456713092995,0.5609720500188092,0.2567535419976756,0.11436534444749644
0.10044113251186484,0.10262244857351466,0.6360588171531115,0.38631614532880143,0.13841272979889874
0.06335983787726802,0.07011234291395922,0.4389795470324332,0.165850611090101,0.0747584974421655
0.07010781427924233,0.07089195504449446,0.4409537006160778,0.18980359588980486,0.7160131580303551
0.10246863910297306,0.10759821976035303,0.7784285564128366,0.3916747646295804,0.13065009613434633
0.09104781732885231,0.10154865542972837,0.6481104880304349,0.32115099098048777,0.08783740135830463
0.12907617628947138,0.14483503862218405,0.8230197339648517,0.5332785230381017,0.1520935119875603
0.08623649574397026,0.09345198556305635,0.6731358556613138,0.31265203486139115,0.3811467853114511
0.11596371446069217,0.12042546324412337,0.7722607512277048,0.5275315455699252,0.1901243488781619
0.06200692819294263,0.06358750561419012,0.42416193722440804,0.13107042185771228,0.0856423621638369
0.055946989638224,0.05428566319426569,0.4185185684464348,0.1496642691480876,0.12723924044977836
0.06277148867742881,0.06428664220685089,0.5573341186087805,0.1762604787725331,0.09825893494158337
0.11192176063437362,0.1149970516275009,0.6432237924997455,0.3505629570404586,0.3021879503544865
0.0823768901629674,0.08328242569071173,0.6692268106615726,0.3736811737216371,0.42608714585058244
0.08257699267019668,0.08722443919812214,0.594469305762881,0.22143829784197713,0.22090656652544516
0.07716807752246942,0.07858739251481557,0.577708985542395,0.22438993651484287,0.12871810365401484
0.06736872597916749,0.06733814298210705,0.5818483629748509,0.21805142209782244,0.44623306450538064
0.07827628407190958,0.08088147286695528,0.48114445902557673,0.2138643465053926,0.09563484792424506
0.03165965762537174,0.03358035026548497,0.18969492304551988,0.061067632135645075,0.06989448950393924
0.038802012791035755,0.04134991976382978,0.21594328778161526,0.07979320164479203,0.09375498962809738
0.034617255265928855,0.034044372509148255,0.18529306807911444,0.05669875254938884,0.0691359926906025
0.039100621161356854,0.03892285497452925,0.2316546191999503,0.07470535973125525,0.20897657438088962
0.049481223515865265,0.05007788356612045,0.325693808422296,0.08147896642715736,0.20054087861925968
0.046141304960728394,0.0440097379540539,0.34232553556598516,0.09822072700059946,0.4102807164176089
0.10231376630001039,0.10663775801194231,0.6468844861594463,0.3821892572420455,0.18908634262231677
0.07763521234601492,0.07863124619044363,0.6298169636441678,0.24887684903642626,0.1488110981567364
0.05223027738935,0.05926133829150941,0.3658693800220637,0.10573116681392808,0.1837201491522978
0.034191423873354276,0.034108811369168754,0.24198399726446268,0.06163773724823244,0.161622479256944
0.02099235232412653,0.020997816866294847,0.09807997864912338,0.027657330693568866,0.5367886085658794
0.09152316986901095,0.09428308016524022,0.6123003000728902,0.2925491126728587,0.1278400863061376
0.05699917122752469,0.05620322133463726,0.4287665664876293,0.11128571036522417,0.33039907867893925
0.05768886530827724,0.05818764770105142,0.5725948885762494,0.2544308164273072,0.45447569520850994
0.07012733321111125,0.0702529507408473,0.5706062317396868,0.2046865829429767,0.08850548357937686
0.059040977479785046,0.05967225034282057,0.42185032566548836,0.1519144634220038,0.08149726203937961
0.09092684879839791,0.0920814813826659,0.6281190306805438,0.2878494855290166,0.1160742509191573
0.13365418244946453,0.14327429055907404,0.8570515371683654,0.6648612039106356,0.23074792900912872
0.06398763657571784,0.06181528949548291,0.4655120973222471,0.17128256294248298,0.07359402609276512
0.05241454217239834,0.05287888456398514,0.25794989033878585,0.08735670257750497,0.19957610169337509
0.07057635742280692,0.07198711562556376,0.3696541004638314,0.17015354934432717,0.09811894081294352
0.0802737830824623,0.08308309070475912,0.534947050124009,0.21082496411802662,0.2847236323380626
0.04286080640494296,0.04334036587792524,0.2318583801365828,0.0737395424920757,0.05805269889157928
0.13009403652266727,0.14275487036958812,0.8370730870475336,0.6363477224633495,0.15270937935467577
0.09339760316805786,0.09719828405006892,0.6351000306219108,0.2804920368453654,0.1416483875640764
0.1481039402261364,0.1717177839068474,0.8833360412750102,0.7084231411961603,0.20340966265914384
0.0460508474262446,0.046479283797540356,0.2178535734203986,0.07651360967716034,0.4121017363357987
0.24801723030612666,0.270863681345358,0.942373075344252,0.9341142831925096,0.3119240456821845
0.08921217246276815,0.10296485593734869,0.6571083676119319,0.3188496376313111,0.20610614185507647
0.0493805937279884,0.05376787739000116,0.4105347217805513,0.14737852475478277,0.05963140871823388
0.040210544943929255,0.04245437985213051,0.2863444828726393,0.07380444424876471,0.05121762344858489
0.07367918087237153,0.0755120751740967,0.45863705987180575,0.21065522075732646,0.14260540522897336
0.10329401273661615,0.10435508099442349,0.7242839702260935,0.32779626564842973,0.13972327810645327
0.050982572870971514,0.05105979950626521,0.21631539558527074,0.08453887181963567,0.08223192468414986
0.05707130550647511,0.05621675196059888,0.4918567485812004,0.1525348118015296,0.07026806849762757
0.10007743016357731,0.12709118579250542,0.7578285532939374,0.4563057673693671,0.09830351030077504
0.11238852863156717,0.11070816017687816,0.6825912258397144,0.2971537992748181,0.11627708962689576
0.08567547168376985,0.09777074293271477,0.5728783407307585,0.20486345897509556,0.10024104883243466
